Company,Variety,Protein,Fat,Carbs,Phos,Notes
4HEALTH,Turkey/Salmon,31%,62%,7%,273mg,
4HEALTH,Grain-Free Turkey/Giblets,29%,70%,1%,274mg,
4HEALTH,Chicken/Beef,33%,59%,8%,278mg,
4HEALTH,Grain-Free Salmon in Gravy,36%,57%,7%,278mg,
4HEALTH,Grain-Free Chicken/Whitefish,30%,70%,0%,287mg,
4HEALTH,Adult Chicken Formula,31%,62%,7%,288mg,
4HEALTH,Indoor Chicken,33%,57%,10%,320mg,
4HEALTH,Grain-Free Shredded Chicken Cuts,37%,55%,8%,323mg,
4HEALTH,Sensitive Stomach,37%,53%,10%,433mg,
4HEALTH,Weight Management,39%,47%,14%,456mg,
9Lives - Hearty Cuts in Gravy,Chicken & Salmon,44%,34%,22%,299mg,
9Lives - Hearty Cuts in Gravy,Ocean Whitefish & Tuna,42%,33%,25%,306mg,
9Lives - Hearty Cuts in Gravy,Turkey & Cheese,43%,38%,19%,308mg,
9Lives - Hearty Cuts in Gravy,Beef,40%,35%,25%,388mg,
9Lives - Hearty Cuts in Gravy,Chicken,40%,34%,26%,389mg,
9Lives - Hearty Cuts in Gravy,Veal,44%,34%,22%,401mg,
9Lives - Hearty Cuts in Gravy,"Turkey, Chicken & Cheese",41%,39%,20%,404mg,
9Lives - Hearty Cuts in Gravy,Beef & Chicken,40%,33%,27%,416mg,
9Lives - Hearty Cuts in Gravy,Chicken & Fish,37%,39%,24%,420mg,
9Lives - Hearty Cuts in Gravy,Turkey,45%,43%,12%,458mg,
9Lives - Meaty Pate,Mixed Grill,38%,56%,5%,290mg,
9Lives - Meaty Pate,Liver & Chicken,35%,59%,6%,296mg,
9Lives - Meaty Pate,Liver & Bacon,33%,61%,6%,303mg,
9Lives - Meaty Pate,Super Supper,33%,62%,5%,324mg,
9Lives - Meaty Pate,Beef,35%,59%,6%,329mg,
9Lives - Meaty Pate,Chicken & Tuna,34%,62%,4%,333mg,
9Lives - Meaty Pate,Seafood Platter,34%,62%,4%,339mg,
9Lives - Meaty Pate,Salmon,37%,58%,5%,347mg,
9Lives - Meaty Pate,Tuna & Shrimp,37%,58%,5%,353mg,
9Lives - Meaty Pate,Chicken & Seafood,35%,60%,4%,355mg,
9Lives - Meaty Pate,Chicken,36%,62%,3%,383mg,
9Lives - Meaty Pate,Turkey & Giblets,41%,55%,4%,395mg,
9Lives - Meaty Pate,Ocean Whitefish,43%,54%,3%,400mg,
9Lives - Meaty Pate,Ocean Whitefish & Tuna,41%,54%,5%,415mg,
9Lives - Tender Morsels in Sauce,Tuna & Egg Bits,63%,27%,10%,226mg,
9Lives - Tender Morsels in Sauce,Tuna & Cheese Bits,63%,27%,10%,227mg,
9Lives - Tender Morsels in Sauce,Flaked Tuna,68%,28%,4%,238mg,
9Lives - Tender Morsels in Sauce,"Ocean Whitefish, Tuna & Cheese Bits",40%,33%,27%,285mg,
9Lives - Tender Morsels in Sauce,Salmon,42%,36%,21%,293mg,
9Lives - Tender Morsels in Sauce,Ocean Whitefish & Tuna,42%,33%,25%,306mg,
9Lives - Tender Morsels in Sauce,Turkey & Giblets,41%,40%,20%,404mg,
9Lives - Tender Morsels in Sauce,Turkey & Chicken,41%,39%,20%,404mg,
9Lives - Tender Morsels in Sauce,Beef,41%,35%,25%,420mg,
9Lives - Tender Morsels in Sauce,Chicken,42%,36%,23%,459mg,
AGAINST the GRAIN,Shrimp Daddy w/Tuna & Salmon,68%,31%,1%,280mg,
AGAINST the GRAIN,Aloha Tuna w/Seaweed & Crab,65%,35%,0%,295mg,
AGAINST the GRAIN,Bimini Brunch w/Krill & Egg,72%,28%,0%,318mg,
AGAINST the GRAIN,Big Kahuna w/Crab & Tilapia,73%,25%,2%,330mg,
AGAINST the GRAIN,Caribbean Club w/Chicken & Cheese,77%,23%,0%,402mg,
AGAINST the GRAIN,Chicken & Pumpkin Samba,57%,22%,21%,471mg,
AGAINST the GRAIN,Captain's Catch w/Sardine & Mackerel,62%,35%,2%,553mg,
APPLAWS,,0%,0%,0%,0mg,Applaws does not make any products that are complete & balanced for use as a sole diet.
ARTEMIS,Tuna in Gravy in Gravy,66%,28%,7%,296mg,
ARTEMIS,Tuna & Salmon in Gravy,63%,30%,7%,297mg,
ARTEMIS,Tuna & Pumpkin in Gravy,65%,27%,7%,298mg,
ARTEMIS,Tuna & Shrimp in Gravy,67%,27%,6%,299mg,
ARTEMIS,Tuna & Chicken in Gravy,65%,28%,7%,300mg,
AUTHORITY,,0%,0%,0%,0mg,Petsmart brand. Purchase is NOT recommended. See Notes main chart - â€˜List of Shame.â€™
AVODERM,Chicken Formula,31%,60%,9%,200mg,
AVODERM,Chicken Chunks Entree in Gravy,48%,35%,17%,211mg,
AVODERM,Tuna & Chicken Entree in Gravy,52%,35%,13%,214mg,
AVODERM,Chicken & Duck Entree in Gravy,38%,50%,12%,235mg,
AVODERM,Salmon Formula,35%,56%,10%,244mg,
AVODERM,Salmon & Chicken Entree in Gravy,41%,47%,12%,247mg,
AVODERM,Indoor Weight Control,33%,46%,20%,249mg,
AVODERM,Ocean Fish Formula,34%,58%,8%,274mg,
AVODERM,Tuna w/Prawns in Consomme,65%,31%,5%,277mg,
AVODERM,Tuna & Crab Meat Entree in Gravy,60%,32%,8%,287mg,
AVODERM,"Sardine, Shrimp, Crab Entree in Gravy",63%,31%,6%,297mg,
AVODERM,Chopped Sardines in Consomme,56%,35%,9%,348mg,
AVODERM,Salmon in Salmon Consomme,49%,39%,12%,379mg,
AVODERM - pouches,Ocean Fish in Gravy,59%,29%,12%,316mg,
AVODERM - pouches,Chicken & Duck in Gravy,45%,40%,14%,325mg,
AVODERM - pouches,Tuna in Gravy,66%,24%,10%,339mg,
AVODERM - pouches,Salmon in Gravy,54%,33%,13%,462mg,
B.F.F. (Weruva) - cans,Tuna & Chicken 4-EVA,69%,29%,2%,234mg,
B.F.F. (Weruva) - cans,Tuna & Shrimp Sweethearts,64%,33%,2%,236mg,
B.F.F. (Weruva) - cans,Tuna & Salmon Soulmates,66%,32%,2%,236mg,
B.F.F. (Weruva) - cans,Tuna & Chicken Chuckles,69%,29%,2%,237mg,
B.F.F. (Weruva) - cans,Tuna & Bonito Be Mine,68%,30%,2%,240mg,
B.F.F. (Weruva) - cans,Tuna & Tilapia Twosome,68%,30%,2%,240mg,
B.F.F. (Weruva) - cans,Tuna & Pumpkin Valentine,64%,31%,5%,243mg,
B.F.F. (Weruva) - cans,Tuna Too Cool,69%,29%,2%,248mg,
B.F.F. (Weruva) - pouches,Tuna & DuckÂ Devour Me,54%,34%,13%,177mg,
B.F.F. (Weruva) - pouches,Tuna & Turkey Tickles,54%,32%,14%,195mg,
B.F.F. (Weruva) - pouches,Tuna & Chicken Charm Me,59%,32%,9%,195mg,
B.F.F. (Weruva) - pouches,Tuna & Beef Babycakes,56%,29%,15%,199mg,
B.F.F. (Weruva) - pouches,Tuna & Lamb Luv Ya,55%,30%,15%,207mg,
B.F.F. (Weruva) - pouches,Tuna & Salmon Sweet Cheeks,63%,24%,13%,253mg,
BEYOND - GRAVY - Grain Free,"Chicken, Beef & Carrot",46%,47%,7%,305mg,
BEYOND - GRAVY - Grain Free,Salmon & Sweet Potato,49%,42%,9%,344mg,
BEYOND - GRAVY - Grain Free,Tuna Mackerel & Carrot,48%,38%,13%,376mg,
BEYOND - GRAVY - Grain Free,"Turkey, Sweet Potato & Spinach",45%,50%,5%,376mg,
BEYOND - GRAVY - WIth Grains,"Chicken, Wild Rice & Spinach in Gravy",43%,42%,15%,328mg,
BEYOND - GRAVY - WIth Grains,Salmon & Brown Rice Pate,35%,63%,2%,362mg,
BEYOND - GRAVY - WIth Grains,"Tuna, Herring & Sweet Potato in Gravy",49%,36%,14%,377mg,
BEYOND - GRAVY - WIth Grains,Chicken & Brown Rice Pate,36%,61%,3%,388mg,
BEYOND - PATE - Grain Free,Artic Char & Spinach,33%,65%,2%,228mg,
BEYOND - PATE - Grain Free,Chicken & Sweet Potato,35%,63%,3%,369mg,
BEYOND - PATE - Grain Free,Wild Salmon,36%,63%,2%,369mg,
BEYOND - PATE - Grain Free,Trout & Catfish,38%,61%,1%,372mg,
BEYOND - PATE - Grain Free,Duck & Sweet Potato,35%,63%,2%,375mg,
BEYOND - PATE - Grain Free,Quail & Carrot,42%,55%,3%,413mg,
BEYOND - PATE - Grain Free,Pheasant & Sweet Potato,0%,0%,0%,0mg,
BEYOND - PATE - Grain Free,Ocean Whitefish & Spinach,0%,0%,0%,0mg,
BLUE - Basics,Indoor Kitten Turkey & Potato,32%,60%,9%,390mg,
BLUE - Basics,Indoor Mature Turkey & Potato,29%,52%,19%,402mg,
BLUE - Basics,Indoor Turkey & Potato,30%,53%,17%,511mg,
BLUE - Basics,Indoor Duck & Potato,30%,53%,17%,511mg,
BLUE - Basics,Indoor Fish & Potato,30%,53%,17%,511mg,
BLUE - Healthy Gourmet,Kitten Chicken,30%,65%,5%,341mg,
BLUE - Healthy Gourmet,Pate Turkey & Chicken,34%,58%,8%,385mg,
BLUE - Healthy Gourmet,Pate Beef,34%,58%,8%,385mg,
BLUE - Healthy Gourmet,Pate Indoor Chicken,34%,58%,8%,385mg,
BLUE - Healthy Gourmet,Pate Indoor Salmon,34%,58%,8%,385mg,
BLUE - Healthy Gourmet,Pate Ocean Fish & Tuna,34%,58%,8%,385mg,
BLUE - Healthy Gourmet,Indoor Mature Pate Chicken,31%,57%,11%,395mg,
BLUE - Healthy Gourmet,Meaty Morsels Chicken,46%,42%,13%,426mg,
BLUE - Healthy Gourmet,Meaty Morsels Tuna,46%,42%,13%,426mg,
BLUE - Healthy Gourmet,Flaked Chicken,44%,43%,13%,451mg,
BLUE - Healthy Gourmet,Flaked Fish & Shrimp,44%,43%,13%,451mg,
BLUE - Healthy Gourmet,Flaked Tuna,44%,43%,13%,451mg,
BLUE - Healthy Gourmet,Grilled Chicken,40%,49%,11%,455mg,
BLUE - Healthy Gourmet,Grilled Salmon,0%,0%,0%,0mg,
BLUE - Freedom,Indoor Kitten,30%,64%,6%,373mg,
BLUE - Freedom,Indoor Chicken,35%,58%,7%,398mg,
BLUE - Freedom,Indoor Fish,35%,58%,7%,398mg,
BLUE - Freedom,Indoor Mature Chicken,33%,59%,8%,411mg,
BLUE - Freedom,Indoor Chicken Flaked in Gravy,37%,51%,12%,445mg,
BLUE - Freedom,Indoor Flaked Fish in Gravy,37%,51%,12%,445mg,
BLUE - Wilderness Rocky Mountain Recipe,Red Meat,33%,64%,4%,360mg,
BLUE - Wilderness Rocky Mountain Recipe,Trout,33%,64%,4%,360mg,
BLUE - Wilderness Rocky Mountain Recipe,Flaked Red Meat,37%,51%,12%,434mg,
BLUE - Wilderness Rocky Mountain Recipe,Flaked Trout,37%,51%,12%,434mg,
BLUE - Wilderness,Chicken,28%,69%,3%,291mg,
BLUE - Wilderness,Turkey,28%,69%,3%,291mg,
BLUE - Wilderness,Duck,28%,69%,3%,291mg,
BLUE - Wilderness,Salmon,28%,69%,3%,291mg,
BLUE - Wilderness,Mature Chicken,29%,60%,11%,424mg,
BLUE - Wilderness,Kitten Chicken,29%,67%,4%,486mg,
BLUE - Wilderness,Kitten Salmon,29%,67%,4%,486mg,
BLUE - Wilderness Wild Delights,Kitten Flaked Chicken & Trout,37%,53%,10%,410mg,
BLUE - Wilderness Wild Delights,Chicken & Turkey in Gravy,37%,54%,10%,418mg,
BLUE - Wilderness Wild Delights,Chicken & Trout in Gravy,37%,54%,10%,418mg,
BLUE - Wilderness Wild Delights,Chicken & Salmon in Gravy,37%,54%,10%,418mg,
BLUE - Wilderness Wild Delights,Flaked Chicken & Turkey,37%,54%,10%,418mg,
BLUE - Wilderness Wild Delights,Flaked Chicken & Trout,37%,54%,10%,418mg,
BLUE - Wilderness Wild Delights,Minced Chicken & Turkey,37%,54%,10%,418mg,
BLUE - Wilderness Wild Delights,Minced Chicken & Trout,37%,54%,10%,418mg,
CANIDAE - Life Stages,Yellowfin Tuna,38%,52%,10%,223mg,
CANIDAE - Life Stages,"Chicken, Lamb & Fish",30%,57%,13%,226mg,
CANIDAE - Life Stages,Chicken & Rice,27%,64%,9%,227mg,
CANIDAE - Life Stages,Chicken,27%,64%,9%,227mg,
CANIDAE - Life Stages,Lamb,35%,59%,7%,233mg,
CANIDAE - Life Stages,Salmon,35%,59%,6%,254mg,
CANIDAE - Life Stages,Ocean Fish,35%,53%,12%,279mg,
CANIDAE - Life Stages,"Indoor Chicken, Lamb & Fish",30%,63%,7%,280mg,
CANIDAE - Life Stages,Turkey,36%,53%,11%,285mg,
CANIDAE - Under the Sun - Grain Free,Duck,28%,70%,3%,242mg,
CANIDAE - Under the Sun - Grain Free,Salmon,37%,63%,1%,243mg,
CANIDAE - Under the Sun - Grain Free,Chicken,28%,69%,4%,262mg,
CANIDAE - Under the Sun - Grain Free,Trout,29%,68%,3%,314mg,
CANIDAE - Under the Sun - Grain Free,Turkey,29%,67%,4%,368mg,
CANIDAE - Under the Sun - Grain Free,Seafood,37%,58%,5%,369mg,
CANIDAE - Under the Sun - Witty Kitty,Ruffle my Feathers Turkey & Liver,45%,46%,8%,314mg,
CANIDAE - Under the Sun - Witty Kitty,Wingin' it Chicken & Turkey,39%,51%,10%,315mg,
CANIDAE - Under the Sun - Witty Kitty,Big Catch Tuna & Sardine,50%,42%,8%,358mg,
CANIDAE - PURE - Grain Free,Salmon Slices,32%,64%,4%,223mg,
CANIDAE - PURE - Grain Free,Chicken Pate,28%,68%,4%,224mg,
CANIDAE - PURE - Grain Free,"Chicken, Turkey, Lamb",29%,66%,5%,239mg,
CANIDAE - PURE - Grain Free,Salmon & Mackerel,38%,62%,0%,247mg,
CANIDAE - PURE - Grain Free,Turkey & Rabbit Slices,36%,57%,7%,283mg,
CANIDAE - PURE - Grain Free,Duck & Duck Liver Slices,38%,51%,11%,337mg,
CHICKEN SOUP FOR the SOUL,Adult Formula,31%,62%,7%,218mg,
CHICKEN SOUP FOR the SOUL,Weight & Mature Care,41%,51%,8%,245mg,
CHICKEN SOUP FOR the SOUL,Beef Stew w/Potatoes & Carrots,42%,52%,6%,285mg,
CHICKEN SOUP FOR the SOUL,Chicken Stew w/Potatoes & Spinach,40%,54%,6%,294mg,
CHICKEN SOUP FOR the SOUL,Kitten,36%,58%,6%,298mg,
CHICKEN SOUP FOR the SOUL,Salmon Stew w/Potatoes & Spinach,41%,50%,9%,339mg,
CHICKEN SOUP FOR the SOUL,Chicken & Duck,37%,62%,1%,387mg,
CHICKEN SOUP FOR the SOUL,Salmon SoufflÃ© w/Potatoes & Spinach,36%,62%,2%,419mg,
CHICKEN SOUP FOR the SOUL,Chicken SoufflÃ© w/Potatoes & Spinach,32%,66%,2%,441mg,
CHICKEN SOUP FOR the SOUL,Beef Stew w/Potatoes & Carrots,36%,59%,5%,470mg,
CHICKEN SOUP FOR the SOUL,Salmon Limited Ingredient,46%,52%,2%,481mg,
DAVE's - Naturally Healthy Grain Free,Beef & Chicken Dinner,29%,68%,4%,182mg,
DAVE's - Naturally Healthy Grain Free,Chicken & Whitefish,28%,69%,4%,209mg,
DAVE's - Naturally Healthy Grain Free,Turkey & Giblets,29%,68%,4%,216mg,
DAVE's - Naturally Healthy Grain Free,Chicken,33%,64%,3%,286mg,
DAVE's - Naturally Healthy Grain Free,Turkey,33%,64%,3%,288mg,
DAVE's - Restricted Diet,Chicken/Sauce - low protein/low phosphorus,25%,56%,19%,95mg,Please do not feed diets that are this low in protein. This product mimics Hillâ€™s k/d renal diet which is one that I would never feed to any cat in my care - including patients with kidney disease. It was a very sad day when protein became the enemy of the feline kidney.
DAVE's - Restricted Diet,Pork - low phosphorus & magnesium,33%,58%,9%,154mg,
DAVE's - Restricted Diet,Original Formula - low phosphorus/low magnesium,0%,0%,0%,0mg,
DR. TIM'S,Chicken & Vegetable,33%,52%,16%,300mg,
DR. TIM'S,Salmon & Vegetable,29%,58%,13%,381mg,
DRS. FOSTER & SMITH Adult,Chicken,29%,64%,8%,204mg,
DRS. FOSTER & SMITH Adult,Turkey,34%,57%,10%,250mg,
DRS. FOSTER & SMITH Adult,Chicken & Fish,36%,45%,19%,254mg,
DRS. FOSTER & SMITH Country Classics,Savory Salmon/Shrimp & Brown Rice,31%,56%,12%,220mg,
DRS. FOSTER & SMITH Country Classics,Trout & Brown Rice,30%,59%,11%,242mg,
DRS. FOSTER & SMITH Country Classics,Chicken Stew w/Sweet Potatoes,36%,45%,19%,330mg,
Duck / Kangaroo,Venison,35%,53%,12%,486mg,
EARTHBORN,Chicken Fricatssee,45%,30%,25%,232mg,
EARTHBORN,Chicken Jumble with Liver,38%,39%,23%,236mg,
EARTHBORN,Chicken Catcciatori,54%,27%,20%,240mg,
EARTHBORN,Monterey Medley,66%,23%,10%,275mg,
EARTHBORN,Harbor Harvest,57%,28%,15%,281mg,
EARTHBORN,Catalina Catch,70%,29%,1%,291mg,
EARTHBORN,Ranch House Stew,36%,46%,18%,331mg,
EVO,Turkey in Gravy,29%,69%,2%,300mg,
EVO,Duck in Gravy,28%,68%,3%,306mg,
EVOLVE,Turkey,33%,65%,2%,289mg,
EVOLVE,Kitten,35%,60%,4%,292mg,
EVOLVE,Seafood,29%,66%,5%,317mg,
EVOLVE,Chicken,35%,63%,2%,318mg,
FANCY FEAST - Sliced in Gravy,Sliced Chicken Hearts & Liver in Gravy,49%,39%,12%,257mg,
FANCY FEAST - Sliced in Gravy,Sliced Beef in Gravy,48%,38%,14%,265mg,
FANCY FEAST - Sliced in Gravy,Sliced Chicken in Gravy,50%,38%,12%,270mg,
FANCY FEAST - Sliced in Gravy,Sliced Turkey in Gravy,51%,37%,13%,275mg,
FANCY FEAST - Delights with Cheddar,Grilled Turkey/Cheddar Cheese/Gravy,50%,35%,15%,265mg,
FANCY FEAST - Delights with Cheddar,Grilled Tuna/Cheddar Cheese in Gravy,53%,26%,21%,318mg,I suspect that the phos value for this product may actuallly lower.
FANCY FEAST - Delights with Cheddar,Grilled Chicken/Cheddar Cheese/Gravy,54%,26%,20%,368mg,I suspect that the phos value for this product may actuallly lower.
FANCY FEAST - Delights with Cheddar,Grilled Whitefish/Cheddar Cheese/Gravy,54%,26%,20%,413mg,I suspect that the phos value for this product may actuallly lower.
FANCY FEAST - Gravy Lovers,Chicken Hearts/Liver Feast in Gravy,48%,38%,15%,229mg,
FANCY FEAST - Gravy Lovers,Gourmet Beef Feast in Gravy,47%,33%,20%,250mg,
FANCY FEAST - Gravy Lovers,Gourmet Chicken Feast in Gravy,48%,38%,15%,251mg,
FANCY FEAST - Gravy Lovers,Chicken & Beef Feast in Gravy,47%,38%,15%,254mg,
FANCY FEAST - Gravy Lovers,Turkey Feast in Gravy,49%,36%,15%,258mg,
FANCY FEAST - Gravy Lovers,Salmon Feast in Gravy,52%,33%,15%,264mg,
FANCY FEAST - Gravy Lovers,Salmon & Sole Feast in Gravy,52%,33%,15%,264mg,
FANCY FEAST - Gravy Lovers,Ocean Whitefish & Tuna Feast Gravy,52%,32%,16%,283mg,
FANCY FEAST - Kitten,Kitten Tender Turkey Feast,39%,57%,3%,395mg,
FANCY FEAST - Kitten,Kitten Tender Ocean Whitefish Feast,44%,53%,3%,520mg,
FANCY FEAST - Medleys Florentine,Wild Salmon in a Delicate Sauce,55%,33%,12%,261mg,
FANCY FEAST - Medleys Florentine,Turkey with Garden Greens,55%,30%,15%,292mg,
FANCY FEAST - Medleys Florentine,Tuna in a Delicate Sauce,60%,26%,14%,394mg,
FANCY FEAST - Medleys Florentine,White Meat Chicken Pate,39%,57%,4%,398mg,
FANCY FEAST - Medleys Florentine,White Meat Chicken in a Delicate Sauce,56%,31%,13%,402mg,
FANCY FEAST - Medleys Florentine,Ocean Whitefish and Tuna Pate,46%,49%,5%,462mg,
FANCY FEAST - Medleys in Gravy or Broth,Tuna & Shrimp Recipe in Gravy,52%,30%,18%,285mg,
FANCY FEAST - Medleys in Gravy or Broth,Turkey/White Meat Chicken//Gravy,55%,32%,12%,287mg,
FANCY FEAST - Medleys in Gravy or Broth,White Meat Chicken/Tuna Recipe Broth,51%,29%,20%,305mg,
FANCY FEAST - Medleys in Gravy or Broth,Whitefish & Shrimp Recipe Gravy,51%,28%,20%,318mg,
FANCY FEAST - Medleys Primavera,Tuna Primavera in a Classic Sauce,54%,28%,18%,257mg,
FANCY FEAST - Medleys Primavera,Wild Salmon in a Classic Sauce,53%,31%,16%,264mg,
FANCY FEAST - Medleys Primavera,White Meat Chicken Pate,41%,56%,4%,301mg,
FANCY FEAST - Medleys Primavera,Tender Turkey in a Classic Sauce,54%,26%,20%,339mg,
FANCY FEAST - Medleys Primavera,Wild Salmon Pate,42%,54%,4%,419mg,
FANCY FEAST - Medleys Primavera,White Meat Chicken in a Classic Sauce,53%,31%,16%,478mg,
FANCY FEAST - Medleys Shredded,Wild Salmon Fare,56%,33%,11%,260mg,
FANCY FEAST - Medleys Shredded,Tuna Fare,63%,23%,14%,279mg,
FANCY FEAST - Medleys Shredded,Turkey Fare,54%,30%,16%,282mg,
FANCY FEAST - Medleys Shredded,White Meat Chicken Fare,57%,32%,11%,351mg,
FANCY FEAST - Medleys Tuscany,Wild Salmon in a Savory Sauce,49%,28%,23%,250mg,
FANCY FEAST - Medleys Tuscany,Tuna in a Savory Sauce,51%,27%,22%,261mg,
FANCY FEAST - Medleys Tuscany,Tender Turkey in a Savory Sauce,52%,28%,20%,277mg,
FANCY FEAST - Medleys Tuscany,White Meat Chicken in a Savory Sauce,51%,29%,20%,346mg,
FANCY FEAST - Natural,White Meat Chicken in Broth,75%,25%,0%,315mg,
FANCY FEAST - Natural,Tender Tongol Tuna in Broth,74%,26%,0%,322mg,
FANCY FEAST - Natural,White Meat Chicken & Beef in Broth,73%,27%,0%,327mg,
FANCY FEAST - Natural,Alaskan Salmon/White Meat in Broth,68%,32%,0%,333mg,
FANCY FEAST - Natural,Seabass & Shrimp in Broth,75%,25%,0%,333mg,
FANCY FEAST - Natural,Flaked Skipjack Tuna in Broth,75%,25%,0%,340mg,
FANCY FEAST - Natural,White Meat Chicken/Flaked Tuna/Broth,77%,23%,0%,343mg,
FANCY FEAST - Classic,Savory Salmon Feast,27%,72%,1%,267mg,
FANCY FEAST - Classic,Turkey and Giblets Feast,39%,58%,2%,355mg,
FANCY FEAST - Classic,Tender Beef & Liver Feast,38%,60%,2%,380mg,
FANCY FEAST - Classic,Tender Beef Feast,42%,55%,3%,408mg,
FANCY FEAST - Classic,Tender Beef & Chicken Feast,38%,59%,3%,415mg,
FANCY FEAST - Classic,Chicken Feast,40%,57%,3%,430mg,
FANCY FEAST - Classic,Salmon & Shrimp Feast,43%,56%,1%,456mg,
FANCY FEAST - Classic,"Cod, Sole & Shrimp Feast",48%,50%,1%,474mg,
FANCY FEAST - Classic,Seafood Feast,46%,52%,2%,478mg,
FANCY FEAST - Classic,Tender Liver & Chicken Feast,43%,55%,2%,478mg,
FANCY FEAST - Classic,Ocean Whitefish & Tuna Feast,48%,51%,0%,481mg,
FANCY FEAST - Classic,Chopped Grill Feast,41%,56%,3%,498mg,
FANCY FEAST - Grilled in Gravy,Grilled Turkey & Giblets in Gravy,56%,31%,13%,266mg,
FANCY FEAST - Grilled in Gravy,Grilled Salmon in Gravy,56%,31%,13%,266mg,
FANCY FEAST - Grilled in Gravy,Grilled Turkey Feast in Gravy,56%,31%,13%,271mg,
FANCY FEAST - Grilled in Gravy,Grilled Tender Beef & Liver in Gravy,54%,31%,15%,272mg,
FANCY FEAST - Grilled in Gravy,Grilled Tuna in Gravy,58%,28%,14%,282mg,
FANCY FEAST - Grilled in Gravy,Grilled Chicken Feast in Gravy,55%,32%,12%,282mg,
FANCY FEAST - Grilled in Gravy,Grilled Seafood in Gravy,56%,32%,12%,289mg,
FANCY FEAST - Grilled in Gravy,Grilled Beef in Gravy,55%,32%,12%,289mg,
FANCY FEAST - Grilled in Gravy,Grilled Chicken & Beef in Gravy,47%,38%,15%,291mg,
FANCY FEAST - Grilled in Gravy,Grilled Salmon & Shrimp in Gravy,57%,31%,12%,298mg,
FANCY FEAST - Grilled in Gravy,Grilled Ocean Whitefish & Tuna in Gravy,58%,30%,13%,302mg,
FANCY FEAST - Grilled in Gravy,Grilled Liver & Chicken Feast in Gravy,55%,32%,13%,309mg,
FANCY FEAST - Roasted/Flaked/Chunky,Roasted Turkey Feast,56%,38%,6%,265mg,
FANCY FEAST - Roasted/Flaked/Chunky,Roasted Chicken Feast,54%,40%,6%,284mg,
FANCY FEAST - Roasted/Flaked/Chunky,Flaked Trout Feast,48%,48%,4%,285mg,
FANCY FEAST - Roasted/Flaked/Chunky,Flaked Tuna Feast,52%,43%,5%,291mg,
FANCY FEAST - Roasted/Flaked/Chunky,Flaked Salmon & Ocean Whitefish Feast,49%,47%,4%,317mg,
FANCY FEAST - Roasted/Flaked/Chunky,Flaked Tuna & Mackerel Feast,57%,37%,6%,324mg,
FANCY FEAST - Roasted/Flaked/Chunky,Flaked Chicken & Tuna Feast,52%,44%,5%,325mg,
FANCY FEAST - Roasted/Flaked/Chunky,Chunky Chicken Feast,47%,50%,4%,453mg,
FANCY FEAST - Roasted/Flaked/Chunky,Chunky Chopped Grill Feast,42%,53%,4%,466mg,
FANCY FEAST - Roasted/Flaked/Chunky,Chunky Turkey Feast,46%,49%,5%,477mg,
FANCY FEAST - Marinated Morsels in Gravy,Beef Feast in Gravy,55%,33%,12%,280mg,
FANCY FEAST - Marinated Morsels in Gravy,Chicken Feast in Gravy,55%,33%,13%,298mg,
FANCY FEAST - Marinated Morsels in Gravy,Turkey Feast in Gravy,54%,34%,12%,302mg,
FANCY FEAST - Marinated Morsels in Gravy,Tuna Feast in Gravy,62%,25%,13%,303mg,
FANCY FEAST - Marinated Morsels in Gravy,Salmon Feast in Gravy,59%,29%,12%,307mg,
FIRST MATE,Salmon & Tuna,41%,45%,13%,212mg,
FIRST MATE,Chicken & Tuna,38%,46%,17%,212mg,
FIRST MATE,Turkey & Tuna,38%,46%,17%,212mg,
FIRST MATE,Turkey,43%,38%,20%,243mg,
FIRST MATE,Tuna,37%,54%,10%,277mg,
FIRST MATE,Salmon,54%,33%,14%,281mg,
FIRST MATE,Chicken,43%,38%,19%,342mg,
FRESHPET - Semi-Moist (~61% moisture),Roast Chicken/Beef/Vegetables/Whitefish,37%,59%,4%,281mg,
FRESHPET - Semi-Moist (~61% moisture),Vital Chicken & Beef w/Carrots & Spinach,37%,59%,4%,281mg,
FRESHPET - Semi-Moist (~61% moisture),Roast Chicken/Chicken Liver/Whitefish/Vegetables,38%,55%,8%,284mg,
FRESHPET - Semi-Moist (~61% moisture),Vital Chicken/Whitefish/carrots/eggs/spinach,38%,55%,8%,284mg,
FRESHPET - Semi-Moist (~61% moisture),Nature's Fresh Chicken/Whitefish/Carrots/Spinach,36%,55%,8%,286mg,
FRESHPET - Wet options (>75% moisture),Select Grain Free Chicken/Beef/Vegetables Cup,36%,58%,6%,286mg,
FRESHPET - Wet options (>75% moisture),Vital Grain Free Chicken/Beef/Vegetables/Gravy Cup,36%,58%,6%,286mg,
FRESHPET - Wet options (>75% moisture),Select Grain Free White Fish/Vegetables Cup,37%,55%,8%,292mg,
FRESHPET - Wet options (>75% moisture),Vital Grain Free Chicken/Whitefish/Vegetables/Gravy Cup,37%,55%,8%,292mg,
FRESHPET - Wet options (>75% moisture),Select Chicken & Beef Roll,34%,56%,10%,295mg,
FRESHPET - Wet options (>75% moisture),Vital Grain Free Chicken & Beef Roll,34%,56%,10%,295mg,
FRESHPET - Wet options (>75% moisture),Select Grain Free Chicken/Pumpkin/Vegetables Cup,37%,54%,9%,305mg,
FRESHPET - Wet options (>75% moisture),Vital Grain Free Chicken//Pumpkin/Vegetables/Gravy Cup,37%,54%,9%,305mg,
FRISKIES - Cat Concoctions,With Cod in Cheesy Bacon Flavored Sauce,48%,39%,13%,250mg,
FRISKIES - Cat Concoctions,With Lamb in Clam Flavored Sauce,48%,40%,12%,250mg,
FRISKIES - Cat Concoctions,With Chicken in Creamy Crabby Sauce,48%,40%,12%,253mg,
FRISKIES - Cat Concoctions,Scrumptious Salmon & Chicken Liver Dinner Pate,37%,59%,4%,343mg,
FRISKIES - Indoor,Homestyle Turkey Dinner w/Garden Greens in Gravy,43%,32%,25%,187mg,
FRISKIES - Indoor,Chunky Chicken/Turkey Casserol/Garden Greens/Gravy,43%,32%,25%,249mg,
FRISKIES - Indoor,Saucy Seafood Bake w/Garden Greens in Sauce,44%,31%,25%,262mg,
FRISKIES - Indoor,Flaked Whitefish Dinner w/Garden Greens in Sauce,46%,27%,27%,290mg,
FRISKIES - Indoor,Chicken Dinner w/Garden Greens Pate,0%,0%,0%,0mg,
FRISKIES - Indoor,Classic Pate Salmon Dinner w/Garden Greens,0%,0%,0%,0mg,
FRISKIES - Meaty Bits,With Beef in Gravy,49%,37%,14%,260mg,
FRISKIES - Meaty Bits,Chicken Dinner in Gravy,48%,40%,13%,261mg,
FRISKIES - Meaty Bits,Gourmet Grill in Gravy,47%,39%,13%,262mg,
FRISKIES - Tasty Treasures w/ Bacon,Chicken & Tuna Dinner in Gravy,48%,39%,13%,229mg,
FRISKIES - Tasty Treasures w/ Bacon,Ocean Fish in Sauce,49%,37%,14%,238mg,
FRISKIES - Tasty Treasures w/ Bacon,Chicken Dinner in Gravy,48%,39%,14%,244mg,
FRISKIES - Tasty Treasures w/ Bacon,Turkey Dinner in Gravy,48%,38%,14%,258mg,
FRISKIES - Tasty Treasures w/ Cheese,With Chicien & Cheese in Gravy,51%,32%,17%,265mg,
FRISKIES - Tasty Treasures w/ Cheese,"With Ocean Fish, Tuna, & Cheese in Sauce",52%,31%,17%,267mg,
FRISKIES - Tasty Treasures w/ Cheese,WIth Turkey & Cheese in Gravy,50%,33%,17%,290mg,
FRISKIES - Tasty Treasures w/ Cheese,"With Chicken, Tuna & Cheese in Gravy",51%,32%,17%,298mg,
FRISKIES - Tasty Treasures w/ Cheese,Beef & Liver with Cheese Pate,34%,57%,9%,330mg,
FRISKIES - Tasty Treasures w/ Cheese,Turkey & Chicken Dinner with Cheese Pate,35%,58%,8%,341mg,
FRISKIES - Tasty Treasures w/ Cheese,Chicken & Ocean Fish Dinner with Cheese Pate,35%,57%,7%,360mg,
FRISKIES - Tasty Treasures w/ Cheese,Ocean Fish Dinner with Cheese Pate,38%,54%,8%,362mg,
FRISKIES - Gravy Sensations,With Chicken in Gravy,52%,34%,14%,266mg,
FRISKIES - Gravy Sensations,With Tuna in Gravy,53%,33%,14%,268mg,
FRISKIES - Gravy Sensations,With Turkey & Giblets in Gravy,54%,31%,14%,295mg,
FRISKIES - Gravy Sensations,With Salmon in Gravy,55%,30%,15%,301mg,
FRISKIES - Gravy Sensations,WIth Ocean Whitefish & Tuna in Gravy,53%,33%,14%,334mg,
FRISKIES - Gravy Sensations,With Beef & Chicken in Gravy,69%,10%,20%,428mg,
FRISKIES - Flaked,With Tuna & Egg,49%,45%,6%,263mg,
FRISKIES - Flaked,With Tuna,51%,45%,4%,301mg,
FRISKIES - Savory Shreds,With Ocean Whitefish & Tuna in Sauce,53%,34%,13%,260mg,
FRISKIES - Savory Shreds,With Salmon in Sauce,50%,38%,12%,278mg,
FRISKIES - Savory Shreds,Turkey & Cheese Dinner in Gravy,48%,38%,14%,286mg,
FRISKIES - Savory Shreds,Chicken & Salmon Dinner in Gravy,53%,34%,14%,293mg,
FRISKIES - Savory Shreds,With Chicken in Gravy,51%,36%,13%,305mg,
FRISKIES - Savory Shreds,With Turkey & Giblets in Gravy,49%,38%,13%,306mg,
FRISKIES - Savory Shreds,With Beef in Gravy,50%,36%,14%,320mg,
FRISKIES - Savory Shreds,With Whitefish & Sardines in Sauce,49%,33%,18%,389mg,
FRISKIES - Classic Pates,Poultry Platter,35%,61%,4%,307mg,
FRISKIES - Classic Pates,Mixed Grill,35%,60%,5%,320mg,
FRISKIES - Classic Pates,Classic Seafood,38%,57%,5%,329mg,
FRISKIES - Classic Pates,Liver & Chicken,35%,60%,5%,331mg,
FRISKIES - Classic Pates,Turkey & Giblets,37%,59%,5%,335mg,
FRISKIES - Classic Pates,Salmon,37%,60%,3%,343mg,
FRISKIES - Classic Pates,Country Style,37%,58%,5%,355mg,
FRISKIES - Classic Pates,Mariner's Catch,38%,56%,6%,361mg,
FRISKIES - Classic Pates,Supreme Supper,36%,59%,5%,371mg,
FRISKIES - Classic Pates,Ocean Whitefish & Tuna,40%,56%,4%,373mg,
FRISKIES - Classic Pates,Sea Captain's Choice,40%,54%,6%,414mg,
FRISKIES - Classic Pates,Chicken & Tuna,0%,0%,0%,0mg,
FRISKIES - Prime Fillets,With Chicken in Gravy,52%,34%,14%,274mg,
FRISKIES - Prime Fillets,With Salmon & Beef in Sauce,50%,35%,15%,275mg,
FRISKIES - Prime Fillets,Chicken & Tuna Dinner in Gravy,52%,34%,14%,282mg,
FRISKIES - Prime Fillets,With Ocean Whitefish & Tuna in Sauce,55%,31%,14%,310mg,
FRISKIES - Prime Fillets,Turkey Dinner in Gravy,52%,34%,14%,321mg,
FRISKIES - Prime Fillets,With Beef in Gravy,50%,35%,15%,325mg,
FRISKIES - SauceSations,With Salmon & Tuna in Creamy Sauce,51%,36%,13%,254mg,
FRISKIES - SauceSations,Chicken Dinner in Garden Sauce,47%,40%,13%,259mg,
FRISKIES - SauceSations,With Beef in Garden Sauce,48%,38%,14%,260mg,
FRISKIES - SauceSations,With Beef in Creamy Sauce,49%,38%,13%,263mg,
FRISKIES - SauceSations,Chicken & Turkey Dinner in Cheesy Sauce,48%,39%,13%,263mg,
FRISKIES - SauceSations,Turkey & Giblets Dinner in Homestyle Sauce,50%,37%,13%,268mg,
FROMM - Pates,Turkey,33%,55%,12%,236mg,
FROMM - Pates,Beef,46%,44%,10%,250mg,
FROMM - Pates,Chicken & Duck,33%,66%,1%,251mg,
FROMM - Pates,"Chicken, Duck & Salmon",31%,65%,4%,268mg,
FROMM - Pates,Chicken & Salmon,31%,67%,3%,292mg,
FROMM - Pates,Salmon & Tuna,35%,63%,3%,293mg,
FUSSIE CAT - Super Premium,Chicken with Sweet Potato,47%,18%,35%,173mg,
FUSSIE CAT - Super Premium,Chicken & Vegetables,63%,18%,19%,185mg,
FUSSIE CAT - Super Premium,Chicken with Duck,57%,28%,15%,188mg,
FUSSIE CAT - Super Premium,Chicken in Gravy,63%,20%,17%,191mg,
FUSSIE CAT - Super Premium,Chicken with Egg,61%,24%,15%,191mg,
FUSSIE CAT - Super Premium,Chicken & Beef In Pumpkin Soup,68%,28%,4%,282mg,
FUSSIE CAT - Super Premium,Chicken with Liver In Pumpkin Soup,69%,27%,5%,303mg,
FUSSIE CAT - Premium,Tuna with Smoked Tuna,75%,22%,4%,290mg,
FUSSIE CAT - Premium,Tuna with Threadfin Bream,71%,21%,8%,295mg,
FUSSIE CAT - Premium,Tuna with Mussels,72%,27%,1%,300mg,
FUSSIE CAT - Premium,Tuna with Clams,72%,27%,1%,303mg,
FUSSIE CAT - Premium,Tuna with Salmon,73%,27%,0%,307mg,
FUSSIE CAT - Premium,Tuna with Chicken,75%,25%,0%,307mg,
FUSSIE CAT - Premium,Tuna with Shrimp,74%,26%,1%,309mg,
FUSSIE CAT - Premium,Tuna with Ocean Fish,71%,25%,4%,313mg,
FUSSIE CAT - Premium,Tuna with Prawns,73%,26%,1%,313mg,
FUSSIE CAT - Premium,Tuna with Chicken Liver,69%,25%,5%,318mg,
FUSSIE CAT - Premium,Tuna with Anchovies,74%,25%,0%,318mg,
FUSSIE CAT - Premium,Tuna,76%,21%,3%,326mg,
GO,Turkey Pate,35%,57%,8%,274mg,
GO,Grain Free Duck Pate,36%,57%,7%,324mg,
GO,"Grain Free Chicken, Turkey & Duck Pate",34%,61%,5%,340mg,
GO,Grain Free Trout & Salmon Pate,31%,65%,4%,344mg,
GO,"Grain Free Chicken, Turkey & Trout Stew",35%,47%,18%,348mg,
GO,Salmon Pate,40%,50%,10%,350mg,
GO,Chicken Stew,35%,47%,18%,371mg,
GOOD NATURED,,0%,0%,0%,0mg,Petsmart brand. Purchase is NOT recommended. See Notes main chart - â€˜List of Shame.â€™
GRREAT CHOICE,,0%,0%,0%,0mg,Petsmart brand. Purchase is NOT recommended. See Notes main chart - â€˜List of Shame.â€™
HALO - Vigor,Chicken & Trout,29%,64%,7%,221mg,
HALO - Vigor,Salmon & Venison,32%,58%,10%,229mg,
HALO - Vigor,Turkey & Quail,32%,58%,9%,329mg,
HALO - Spot's Pate - Grain Free,Turkey & Duck,36%,59%,5%,201mg,
HALO - Spot's Pate - Grain Free,Whitefish,45%,53%,2%,257mg,
HALO - Spot's Pate - Grain Free,Chicken,34%,62%,4%,291mg,
HALO - Spot's Pate - Grain Free,Salmon,33%,66%,1%,319mg,
HALO - Spot's Pate - Grain Free,Chicken & Beef,0%,0%,0%,0mg,
HALO - Spot's Pate - Grain Free,Seafood Medley,0%,0%,0%,0mg,
HALO - Spot's Pate - Grain Free,Turkey & Giblets,0%,0%,0%,0mg,
HALO - Spot's Choice - Grain Free,Chicken - Shredded,25%,66%,9%,155mg,
HALO - Spot's Choice - Grain Free,Turkey - Shredded,25%,65%,10%,179mg,
HALO - Spot's Stew - Grain Free,Chicken,32%,55%,13%,201mg,
HALO - Spot's Stew - Grain Free,Turkey,31%,59%,10%,215mg,
HALO - Spot's Stew - Grain Free,Salmon,26%,64%,9%,227mg,
HALO - Spot's Stew - Grain Free,"Chicken, Shrimp & Crab",36%,52%,12%,234mg,
HALO - Spot's Stew - Grain Free,Lamb,34%,53%,12%,245mg,
HALO - Spot's Stew - Grain Free,Chicken & Beef,33%,55%,11%,303mg,
HALO - Impulse - Grain Free,Rabbit,43%,50%,7%,210mg,
HALO - Impulse - Grain Free,Quail,37%,56%,7%,393mg,
HALO - Impulse - Grain Free,Guinea Hen,0%,0%,0%,0mg,
HALO - Impulse - Grain Free,"Chicken, Eggs",0%,0%,0%,0mg,
HI-TOR,Neo,26%,69%,4%,198mg,
HI-TOR,Felo,37%,59%,4%,237mg,
HILL'S - 'prescription',k/d with Chicken,22%,51%,27%,85mg,â€˜prescriptionâ€™ diet
HILL'S - 'prescription',k/d Chicken & Vegetable Stew,23%,50%,27%,105mg,â€˜prescriptionâ€™ diet
HILL'S - 'prescription',k/d Vegetable & Tuna Stew,24%,47%,29%,107mg,â€˜prescriptionâ€™ diet
HILL'S - 'prescription',s/d,29%,58%,13%,109mg,â€˜prescriptionâ€™ diet
HILL'S - 'prescription',k/d with Ocean Fish,23%,50%,27%,117mg,â€˜prescriptionâ€™ diet
HILL'S - 'prescription',g/d,28%,39%,33%,123mg,â€˜prescriptionâ€™ diet
HILL'S - 'prescription',y/d,27%,49%,24%,141mg,â€˜prescriptionâ€™ diet
HILL'S - 'prescription',l/d,25%,45%,30%,145mg,â€˜prescriptionâ€™ diet
HILL'S - 'prescription',d/d Venison,28%,56%,16%,150mg,â€˜prescriptionâ€™ diet
HILL'S - 'prescription',z/d,28%,37%,35%,157mg,â€˜prescriptionâ€™ diet
HILL'S - 'prescription',d/d Duck,29%,54%,17%,165mg,â€˜prescriptionâ€™ diet
HILL'S - 'prescription',m/d,46%,41%,13%,170mg,â€˜prescriptionâ€™ diet
HILL'S - 'prescription',c/d Multicare Urinary Tract Health Chicken/Vegetable Stew,35%,38%,28%,171mg,â€˜prescriptionâ€™ diet
HILL'S - 'prescription',"c/d Multicare Urinary Tract Health, Tuna & Rice Stew",35%,38%,28%,171mg,â€˜prescriptionâ€™ diet
HILL'S - 'prescription',c/d Multicare Urinary Tract Health with Chicken,37%,40%,23%,181mg,â€˜prescriptionâ€™ diet
HILL'S - 'prescription',c/d Multicare Urinary Tract Health with Ocean Fish,37%,40%,23%,181mg,â€˜prescriptionâ€™ diet
HILL'S - 'prescription',Metabolic + Urinary Vegetable & Tuna Stew,37%,34%,29%,189mg,â€˜prescriptionâ€™ diet
HILL'S - 'prescription',Metabolic + Urinary Vegetable & Chicken Stew,37%,35%,28%,190mg,â€˜prescriptionâ€™ diet
HILL'S - 'prescription',c/d Multicare Urinary Stress Chicken & Vegetable Stew,34%,38%,28%,191mg,â€˜prescriptionâ€™ diet
HILL'S - 'prescription',Metabolic,39%,31%,30%,193mg,â€˜prescriptionâ€™ diet
HILL'S - 'prescription',j/d,32%,38%,30%,195mg,â€˜prescriptionâ€™ diet
HILL'S - 'prescription',w/d,37%,38%,25%,197mg,â€˜prescriptionâ€™ diet
HILL'S - 'prescription',i/d,30%,47%,23%,203mg,â€˜prescriptionâ€™ diet
HILL'S - 'prescription',Metabolic Vegetable & Chicken Stew,37%,32%,31%,203mg,â€˜prescriptionâ€™ diet
HILL'S - 'prescription',r/d,41%,24%,35%,205mg,â€˜prescriptionâ€™ diet
HILL'S - 'prescription',Metabolic Vegetable & Tuna Stew,39%,30%,31%,207mg,â€˜prescriptionâ€™ diet
HILL'S - 'prescription',a/d,33%,55%,12%,209mg,â€˜prescriptionâ€™ diet
HILL'S - 'prescription',t/d (DRY),30%,39%,31%,212mg,â€˜prescriptionâ€™ diet
HILL'S - 'prescription',i/d Chicken & Vegetable Stew,32%,44%,24%,219mg,â€˜prescriptionâ€™ diet
HILL's - Ideal Balance - Grain Free,Roasted Chicken,25%,49%,20%,125mg,
HILL's - Ideal Balance - Grain Free,Slow-Cooked Venison,25%,49%,20%,125mg,
HILL's - Ideal Balance - Grain Free,Poached Trout,25%,49%,20%,125mg,
HILL's - Ideal Balance - Grain Free,Gourmet Tuna,25%,49%,20%,125mg,
HILL's - Ideal Balance - Grain Free,Braised Salmon,25%,49%,20%,125mg,
HILL's - Ideal Balance,Slim & Healthy Chicken & Tuna,37%,33%,30%,214mg,
HILL's - Ideal Balance,Slow-Cooked Chicken,32%,38%,19%,161mg,
HILL's - Ideal Balance,Roasted Turkey,32%,38%,19%,161mg,
HILL's - Ideal Balance,Venison & Rice,32%,38%,19%,161mg,
HILL's - Ideal Balance,Braised Trout,32%,38%,19%,161mg,
HILL's - Ideal Balance,Baked Tuna,32%,38%,19%,161mg,
HILL's - Ideal Balance,Poached Salmon & Rice,32%,38%,19%,161mg,
HILL'S - Healthy Advantage,Mature Adult Chicken,35%,39%,26%,146mg,sold only by veterinarians
HILL'S - Healthy Advantage,Adult Chicken,34%,40%,26%,154mg,sold only by veterinarians
HILL'S - Healthy Advantage,Kitten Chicken,36%,45%,19%,207mg,sold only by veterinarians
HOLISTIC SELECT,Chicken,32%,66%,2%,221mg,
HOLISTIC SELECT,Turkey,34%,64%,2%,243mg,
HOLISTIC SELECT,Chicken Liver & Lamb,31%,66%,4%,258mg,
HOLISTIC SELECT,Ocean Fish & Tuna,35%,61%,4%,262mg,
HOLISTIC SELECT,Turkey & Salmon,34%,61%,5%,277mg,
HOLISTIC SELECT,"Chicken, Whitefish, Herring",37%,60%,3%,282mg,
HOLISTIC SELECT,Salmon & Shrimp,34%,61%,6%,311mg,
HOUNDS & GATOS,Pork,39%,61%,0%,228mg,
HOUNDS & GATOS,Chicken,30%,70%,1%,237mg,
HOUNDS & GATOS,Red Meat,31%,56%,12%,245mg,
HOUNDS & GATOS,Beef,31%,61%,8%,246mg,
HOUNDS & GATOS,Lamb,38%,61%,1%,246mg,
HOUNDS & GATOS,"Lamb, Chicken & Salmon",32%,67%,1%,254mg,
HOUNDS & GATOS,Gamebird,34%,65%,1%,334mg,
HOUNDS & GATOS,Duck,29%,69%,1%,346mg,
HOUNDS & GATOS,Turkey,31%,65%,4%,364mg,
HOUNDS & GATOS,Trout,36%,63%,1%,392mg,
HOUNDS & GATOS,Rabbit,37%,58%,5%,408mg,
HOUNDS & GATOS,Salmon,0%,0%,0%,0mg,
HOUNDS & GATOS,Oceanfish,0%,0%,0%,0mg,
I and Love and You,Wholly Cow!,34%,63%,3%,140mg,
I and Love and You,Chicken Me Out,32%,66%,2%,313mg,
I and Love and You,Purrky Turkey,34%,60%,5%,349mg,
I and Love and You,Savory Salmon,39%,60%,1%,367mg,
I and Love and You,Tuna Fintastic,55%,30%,15%,386mg,
I and Love and You,Whascally Wabbit,40%,57%,3%,395mg,
I and Love and You,Salmon Chanted Evening,43%,42%,15%,398mg,
I and Love and You,Chicky-Da-lish Stew,42%,45%,13%,411mg,
I and Love and You,Oh My Cod!,42%,56%,2%,433mg,
IAMS - Grain Free,White Meat Chicken Breast,43%,49%,8%,173mg,
IAMS - Grain Free,White Meat Chicken Breast & Beef,40%,53%,8%,179mg,
IAMS - Grain Free,White Meat Chicken Breast & Tuna,39%,51%,10%,179mg,
IAMS - Grain Free,Wild Oceanfish & Tuna Dinner Flaked in Sauce,38%,50%,12%,203mg,
IAMS - Grain Free,Wild Mackerel & Whitefish Dinner Flaked in Sauce,39%,48%,13%,218mg,
IAMS - Grain Free,Wild Tuna & Salmon Dinner Flaked in Sauce,40%,49%,11%,230mg,
IAMS - Proactive Health,Premium Pate Lamb & Rice,35%,53%,12%,238mg,
IAMS - Proactive Health,Premium Pate Tender Beef,37%,56%,7%,245mg,
IAMS - Proactive Health,Pate with Chicken & Liver,37%,56%,7%,246mg,
IAMS - Proactive Health,Premium Pate Gourmet Chicken,37%,56%,7%,246mg,
IAMS - Proactive Health,Premium Pate Turkey & Giblets,37%,55%,7%,250mg,
IAMS - Proactive Health,Pate with Savory Salmon,38%,55%,7%,270mg,
IAMS - Proactive Health,Premium Pate Select Ocean Fish,38%,55%,7%,272mg,
IAMS - Proactive Health,Pate with Seafood Sampler,38%,55%,7%,279mg,
IAMS - Proactive Health,Premium Pate Kitten,41%,53%,6%,299mg,
IAMS - Proactive Health,Filets with Tuna in Sauce,37%,53%,10%,322mg,
IAMS - Proactive Health,Filets with Chicken in Gravy,36%,54%,9%,325mg,
IAMS - Proactive Health,Filets with Salmon in Sauce,36%,55%,9%,326mg,
IAMS - Purrfect Delicacies,Slow-Cooked Turkey & Liver in Gravy,30%,54%,16%,112mg,
IAMS - Purrfect Delicacies,Select Cuts with Roasted Chicken & Beef,37%,47%,16%,190mg,
IAMS - Purrfect Delicacies,Select cuts with Roasted Chicken & Tuna,40%,47%,14%,200mg,
IAMS - Purrfect Delicacies,Featured Flaked Oceanfish & Tuna,43%,38%,19%,251mg,
IAMS - Purrfect Delicacies,Premier Flaked Mackerel & Whitefish,41%,45%,14%,261mg,
IAMS - Purrfect Delicacies,Signature Flaked Tuna & Salmon,42%,46%,13%,288mg,
IAMS - Purrfect Delicacies,Select Cuts with Roasted Chicken,41%,46%,14%,339mg,
IAMS - Purrfect Delicacies,Roasted Chicken & Shrimp in Gravy,31%,51%,17%,348mg,
IAMS - Purrfect Delicacies,Roasted Beef & Salmon in Gravy,39%,43%,17%,389mg,
IAMS - Purrfect Delights,Turkey-lation,38%,48%,14%,169mg,
IAMS - Purrfect Delights,Packed with Sardines,45%,41%,14%,179mg,
IAMS - Purrfect Delights,Tempt Me Tuna & Mackerel,44%,42%,14%,189mg,
IAMS - Purrfect Delights,Tuna-Topia Dinner,48%,34%,19%,194mg,
IAMS - Purrfect Delights,Chicken-dulgence,32%,55%,12%,211mg,
IAMS - Purrfect Delights,"Winner, Winner with Chicken Dinner",53%,46%,2%,229mg,
IAMS - Purrfect Delights,Tuna-Turkey Tango,29%,55%,15%,254mg,
IAMS - Purrfect Delights,Salmon-dipity,31%,58%,11%,302mg,
IAMS - Purrfect Delights,Cluckin' Good Chicken Dinner,33%,52%,15%,303mg,
IAMS - Purrfect Delights,Sea You Soon Tuna,37%,48%,15%,360mg,
IAMS - Purrfect Delights,Dive In Ocean Fish,34%,47%,19%,438mg,
KASIKS,Turkey,37%,45%,17%,235mg,
KASIKS,Chicken,39%,40%,21%,244mg,
KASIKS,Salmon,53%,35%,13%,256mg,
KOHA - Limited Ingredient - Pate,Turkey,30%,62%,8%,195mg,
KOHA - Limited Ingredient - Pate,Duck,33%,65%,2%,239mg,
KOHA - Limited Ingredient - Pate,Chicken,28%,61%,11%,354mg,
KOHA - Limited Ingredient - Pate,Kangaroo,39%,52%,9%,406mg,
KOHA - Limited Ingredient - Pate,Guineafowl,29%,68%,4%,221mg,
KOHA - Stews,Guineafowl Stew,28%,60%,12%,197mg,
KOHA - Stews,Turkey Stew,34%,53%,13%,259mg,
KOHA - Stews,Venison Stew,33%,63%,4%,286mg,
KOHA - Stews,Chicken Stew,34%,56%,10%,296mg,
KOHA - Stews,Kangaroo Stew,39%,40%,22%,408mg,
KOHA - Stews,Duck Stew,36%,51%,12%,647mg,
KOHA - ROO,Turkey / Kangaroo,33%,62%,6%,239mg,
KOHA - ROO,Lamb / Kangaroo,28%,63%,9%,271mg,
KOHA - ROO,Chicken / Kangaroo,27%,58%,15%,387mg,
KOHA - ROO,ROO Duck / Kangaroo,30%,58%,11%,467mg,
LOTUS - Just Juicy,Turkey,58%,31%,11%,230mg,
LOTUS - Just Juicy,Chicken,59%,29%,12%,231mg,
LOTUS - Just Juicy,Venison,48%,41%,11%,263mg,
LOTUS - Just Juicy,Pork,57%,31%,12%,270mg,
LOTUS - Just Juicy,Salmon & Pollock,39%,48%,13%,287mg,
LOTUS - Just Juicy,Pollock,37%,47%,17%,360mg,
LOTUS - Pates,Turkey & Vegetable,30%,49%,21%,150mg,
LOTUS - Pates,Chicken & Vegetable,37%,42%,21%,195mg,
LOTUS - Pates,Duck & Vegetable,30%,51%,18%,231mg,
LOTUS - Pates,Pork & Vegetable,30%,52%,18%,231mg,
LOTUS - Pates,Salmon & Vegetable,34%,43%,22%,252mg,
MEOW MIX - Classic Pate,Turkey & Liver,54%,40%,6%,374mg,
MEOW MIX - Classic Pate,Tuna,59%,35%,7%,388mg,
MEOW MIX - Classic Pate,"Mixed Grill w/Beef, Tuna & Chicken",51%,42%,7%,402mg,
MEOW MIX - Classic Pate,Chicken & Liver,49%,45%,6%,440mg,
MEOW MIX - Pate Toppers,Chicken w/Shreds of Chicken,53%,38%,9%,339mg,
MEOW MIX - Pate Toppers,Salmon w/Flakes of Tuna,56%,36%,8%,343mg,
MEOW MIX - Pate Toppers,Whitefish w/Flakes of Tuna,56%,36%,8%,361mg,
MEOW MIX - Pate Toppers,Whitefish w/Flakes of Salmon,54%,38%,8%,368mg,
MEOW MIX - Savory Morsels in Gravy,Beef,49%,35%,16%,285mg,
MEOW MIX - Savory Morsels in Gravy,Tuna & Salmon,35%,40%,24%,286mg,
MEOW MIX - Savory Morsels in Gravy,Ocean Whitefish & Tuna,37%,40%,22%,304mg,
MEOW MIX - Savory Morsels in Gravy,Seafood Entree,47%,33%,21%,320mg,
MEOW MIX - Savory Morsels in Gravy,Chicken & Shrimp,57%,30%,13%,327mg,
MEOW MIX - Savory Morsels in Gravy,Salmon & Ocean Fish,42%,38%,20%,371mg,
MEOW MIX - Savory Morsels in Gravy,Tuna & Crab,39%,37%,24%,387mg,
MEOW MIX - Savory Morsels in Gravy,Chicken Breast,47%,33%,20%,458mg,
MEOW MIX - Tender Favorites in Sauce,Tuna & Egg,46%,37%,17%,250mg,
MEOW MIX - Tender Favorites in Sauce,Chicken & Beef,55%,35%,10%,255mg,
MEOW MIX - Tender Favorites in Sauce,Tuna & Shrimp,66%,33%,2%,260mg,
MEOW MIX - Tender Favorites in Sauce,Turkey & Cheese,43%,30%,27%,289mg,
MEOW MIX - Tender Favorites in Sauce,Salmon & Crab,68%,29%,3%,298mg,
MEOW MIX - Tender Favorites in Sauce,Turkey & Giblets,57%,30%,13%,327mg,
MEOW MIX - Tender Favorites in Sauce,Salmon,40%,41%,19%,342mg,
MEOW MIX - Tender Favorites in Sauce,Chicken & Liver,53%,31%,16%,366mg,
MEOW MIX - Tender Favorites in Sauce,Salmon & Red Snapper,48%,33%,19%,404mg,
MEOW MIX - Tender Favorites in Sauce,Poultry Entree,53%,33%,15%,415mg,
MERRICK - Limited Ingredient,Duck,26%,59%,15%,146mg,
MERRICK - Limited Ingredient,Salmon,28%,68%,4%,220mg,
MERRICK - Limited Ingredient,Turkey,32%,64%,4%,279mg,
MERRICK - Limited Ingredient,Chicken,30%,65%,4%,388mg,
MERRICK - Purrfect Bistro,Granny's Pot Pie,30%,64%,6%,252mg,
MERRICK - Purrfect Bistro,Thanksgiving Day Dinner,30%,64%,6%,252mg,
MERRICK - Purrfect Bistro,Turducken,30%,64%,6%,252mg,
MERRICK - Purrfect Bistro,Beef Wellington,47%,45%,9%,303mg,
MERRICK - Purrfect Bistro,Cowboy Cookout,45%,37%,18%,327mg,
MERRICK - Purrfect Bistro,Duck,31%,64%,5%,380mg,
MERRICK - Purrfect Bistro,Beef,43%,52%,5%,389mg,
MERRICK - Purrfect Bistro,Chicken Divan,42%,45%,13%,393mg,
MERRICK - Purrfect Bistro,Tuna,37%,60%,3%,418mg,
MERRICK - Purrfect Bistro,Salmon,36%,62%,2%,423mg,
MERRICK - Purrfect Bistro,Chicken Casserole,42%,46%,11%,427mg,
MERRICK - Purrfect Bistro,Chicken,34%,64%,2%,431mg,
MERRICK - Purrfect Bistro,Tuna Nicoise,47%,41%,12%,533mg,
MERRICK - Purrfect Bistro,Turkey,46%,50%,4%,556mg,
MERRICK - Purrfect Bistro,Surf & Turf,41%,54%,5%,701mg,
MERRICK - Backcountry,Duck,38%,49%,12%,211mg,
MERRICK - Backcountry,Turkey,39%,50%,11%,212mg,
MERRICK - Backcountry,Beef,40%,48%,11%,238mg,
MERRICK - Backcountry,Rabbit,43%,45%,12%,255mg,
MERRICK - Backcountry,Whitefish,42%,44%,14%,255mg,
MERRICK - Backcountry,Chicken,40%,49%,12%,259mg,
NATURAL BALANCE - Ultra Premium,Turkey & Giblets,34%,57%,9%,282mg,
NATURAL BALANCE - Ultra Premium,Tuna w/Shrimp,41%,45%,14%,288mg,
NATURAL BALANCE - Ultra Premium,Ocean Fish,42%,50%,8%,306mg,
NATURAL BALANCE - Ultra Premium,Chicken & Liver Pate,31%,64%,6%,329mg,
NATURAL BALANCE - Ultra Premium,Salmon,34%,56%,10%,341mg,
NATURAL BALANCE - Whole Body Health,"Reduced Calorie Chicken, Salmon & Duck",28%,63%,8%,255mg,
NATURAL BALANCE - Whole Body Health,Chicken,28%,64%,8%,284mg,
NATURAL BALANCE - Whole Body Health,Kitten - Chicken,30%,63%,7%,305mg,
NATURAL BALANCE - Whole Body Health,Calamari,34%,54%,11%,355mg,
NATURAL BALANCE - Whole Body Health,Venison,33%,58%,9%,502mg,
NATURAL BALANCE - Wild Pursuit,Chicken,30%,57%,13%,230mg,
NATURAL BALANCE - Wild Pursuit,Trout,32%,56%,13%,297mg,
NATURAL BALANCE - Wild Pursuit,Turkey,32%,57%,11%,322mg,
NATURAL BALANCE - Wild Pursuit,Beef,32%,56%,11%,335mg,
NATURAL BALANCE - Wild Pursuit,Salmon,30%,59%,11%,363mg,
NATURAL BALANCE - Delectable Delights,O' Fishally Scampi,51%,40%,9%,223mg,
NATURAL BALANCE - Delectable Delights,Sea Brulee,49%,40%,10%,237mg,
NATURAL BALANCE - Delectable Delights,LID Chicken & Pumpkin cups,68%,29%,3%,245mg,
NATURAL BALANCE - Delectable Delights,Catatouille,53%,39%,8%,246mg,
NATURAL BALANCE - Delectable Delights,LID Tuna & Pumpkin cups,67%,32%,1%,275mg,
NATURAL BALANCE - Delectable Delights,Purrfect Paella,51%,40%,9%,282mg,
NATURAL BALANCE - Delectable Delights,Land n' Sea,49%,41%,10%,342mg,
NATURAL BALANCE - Delectable Delights,Life's a Beach,52%,39%,8%,416mg,
NATURAL BALANCE - Indoor,Chicken,31%,55%,14%,279mg,
NATURAL BALANCE - Indoor Platefulls,Chicken & Liver,34%,46%,20%,286mg,
NATURAL BALANCE - Indoor Platefulls,Turkey & Duck,35%,47%,18%,295mg,
NATURAL BALANCE - Indoor Platefulls,"Duck, Chicken & Pumpkin",35%,49%,16%,297mg,
NATURAL BALANCE - Indoor Platefulls,"Salmon, Tuna, Chicken & Shrimp",37%,44%,19%,302mg,
NATURAL BALANCE - Indoor Platefulls,"Turkey, Salmon & Chicken",35%,48%,17%,344mg,
NATURAL BALANCE - Indoor Platefulls,Marckeral & Sardine,44%,47%,9%,352mg,
NATURAL BALANCE - Limited Ingredient,Chicken & Green Pea,34%,56%,10%,319mg,
NATURAL BALANCE - Limited Ingredient,Salmon & Green Pea,37%,51%,12%,323mg,
NATURAL BALANCE - Limited Ingredient,Duck & Green Pea,31%,58%,11%,384mg,
NATURAL BALANCE - Limited Ingredient,Venison & Green Pea,35%,53%,12%,387mg,
NATURAL BALANCE - Platefulls,Chicken & Pumpken,33%,51%,16%,263mg,
NATURAL BALANCE - Platefulls,Chicken & Legume,33%,46%,21%,279mg,
NATURAL BALANCE - Platefulls,Tuna & Beef,37%,48%,15%,287mg,
NATURAL BALANCE - Platefulls,Chicken & Giblets,34%,50%,17%,302mg,
NATURAL BALANCE - Platefulls,"Salmon, Tuna & Crab",37%,46%,17%,306mg,
NATURAL BALANCE - Platefulls,Chicken & Salmon,34%,49%,17%,316mg,
NATURAL BALANCE - Platefulls,"Cod, Chicken, Sole & Shrimp",38%,42%,20%,369mg,
NATURAL BALANCE - Platefulls,"Turkey, Chicken & Duck",34%,48%,19%,385mg,
NATURAL PLANET,Organic Chicken Dinner,31%,64%,5%,250mg,
NATURAL PLANET,Organic Turkey Dinner,29%,71%,1%,250mg,
NATURE'S LOGIC,Beef,33%,63%,4%,117mg,
NATURE'S LOGIC,Duck & Salmon,30%,68%,3%,189mg,
NATURE'S LOGIC,Turkey,33%,63%,3%,295mg,
NATURE'S LOGIC,Chicken,34%,65%,1%,299mg,
NATURE'S LOGIC,Rabbit,42%,55%,4%,317mg,
NATURE'S LOGIC,Sardine,56%,38%,6%,341mg,
NATURE'S RECIPE - Culinary Fav - Grilled,Tuna & Garden Vegetables,54%,39%,7%,236mg,
NATURE'S RECIPE - Culinary Fav - Grilled,White Meat Chicken & Garden Vegetables,49%,45%,6%,272mg,
NATURE'S RECIPE - Culinary Fav - Grilled,Salmon & Garden Vegetables,47%,45%,7%,319mg,
NATURE'S RECIPE - Culinary Fav - Pate,Chicken & Tuna Recipe in Gravy,33%,56%,12%,154mg,
NATURE'S RECIPE - Culinary Fav - Pate,Chicken Recipe in Gravy,35%,53%,11%,185mg,
NATURE'S RECIPE - Culinary Fav - Roasted,White Meat Chicken & Garden Vegetables,36%,52%,12%,253mg,
NATURE'S RECIPE - Culinary Fav - Roasted,Turkey & Garden Vegetables,32%,59%,8%,286mg,
NATURE'S RECIPE - Culinary Fav - Roasted,Beef & Garden Vegetables,32%,51%,17%,346mg,
NATURE'S RECIPE - Culinary Fav - Stew,Beef & Garden Vegetables in Gravy,29%,41%,30%,266mg,
NATURE'S RECIPE - Culinary Fav - Stew,Seafood & Garden Vegetables in Gravy,38%,43%,19%,322mg,
NATURE'S RECIPE - Culinary Fav - Stew,White Meat Chicken & Garden Vegetables in Gravy,37%,49%,15%,362mg,
NATURE'S RECIPE - Grain Free in Broth,Chicken & Turkey,58%,40%,2%,190mg,
NATURE'S RECIPE - Grain Free in Broth,Chicken,60%,34%,6%,194mg,
NATURE'S RECIPE - Grain Free in Broth,Chicken & Salmon,59%,35%,5%,198mg,
NATURE'S RECIPE - Grain Free in Broth,Indoor,65%,34%,2%,237mg,
NATURE'S VARIETY - Raw Market,Chicken Meal Nuggets,31%,64%,5%,238mg,
NATURE'S VARIETY - Instinct - original,Beef,42%,51%,6%,257mg,
NATURE'S VARIETY - Instinct - original,Lamb,34%,61%,4%,284mg,
NATURE'S VARIETY - Instinct - original,Chicken,36%,57%,7%,292mg,
NATURE'S VARIETY - Instinct - original,Duck,37%,55%,9%,299mg,
NATURE'S VARIETY - Instinct - original,Rabbit,45%,49%,6%,313mg,
NATURE'S VARIETY - Instinct - original,Salmon,45%,46%,9%,359mg,
NATURE'S VARIETY - Instinct - original,Venison,42%,55%,3%,388mg,
NATURE'S VARIETY - Instinct Raw,Rabbit,40%,58%,3%,317mg,
NATURE'S VARIETY - Instinct Raw,Chicken & Tuna,41%,56%,3%,362mg,
NATURE'S VARIETY - Instinct Raw,Chicken,40%,58%,3%,388mg,
NATURE'S VARIETY - Pride,Flaked Lamb,35%,54%,11%,206mg,
NATURE'S VARIETY - Pride,Flaked Rabbit,41%,49%,10%,213mg,
NATURE'S VARIETY - Pride,Minced Lamb,34%,52%,14%,218mg,
NATURE'S VARIETY - Pride,Minced Duck,38%,46%,17%,218mg,
NATURE'S VARIETY - Pride,Minced Rabbit,38%,47%,15%,218mg,
NATURE'S VARIETY - Pride,Flaked Tuna,47%,43%,10%,227mg,
NATURE'S VARIETY - Pride,Flaked Duck,39%,48%,13%,233mg,
NATURE'S VARIETY - Pride,Minced Tuna,44%,40%,17%,236mg,
NATURE'S VARIETY - Pride,Flaked Chicken,41%,49%,10%,265mg,
NATURE'S VARIETY - Pride,Minced Chicken,38%,47%,15%,273mg,
NATURE'S VARIETY - Pride,Minced Salmon,37%,45%,17%,295mg,
NATURE'S VARIETY - Pride,Flaked Salmon,40%,48%,12%,306mg,
NATURE'S VARIETY - Limited Ingredient,Lamb,32%,60%,8%,243mg,
NATURE'S VARIETY - Limited Ingredient,Turkey,34%,59%,7%,276mg,
NATURE'S VARIETY - Limited Ingredient,Rabbit,41%,45%,13%,293mg,
NATURE'S VARIETY - Limited Ingredient,Ultimate Protein Chicken,36%,57%,7%,299mg,
NATURE'S VARIETY - Limited Ingredient,Duck,32%,58%,11%,498mg,
NEWMAN'S OWN - Organic - Grain Free,Turkey,27%,71%,2%,225mg,
NEWMAN'S OWN - Organic - Grain Free,Chicken,28%,70%,2%,229mg,
NEWMAN'S OWN - Organic - Grain Free,Chicken & Liver,30%,67%,3%,260mg,
NEWMAN'S OWN - Organic - Grain Free,Turkey & Liver,29%,69%,3%,297mg,
NEWMAN'S OWN - With Grains,Turkey & Vegetable,29%,59%,12%,210mg,
NEWMAN'S OWN - With Grains,Chicken & Brown Rice,28%,62%,10%,211mg,
NEWMAN'S OWN - With Grains,Chicken & Salmon,28%,64%,9%,221mg,
NEWMAN'S OWN - With Grains,Turkey,30%,60%,11%,275mg,
NEWMAN'S OWN - With Grains,Organic Beef,0%,0%,0%,0mg,
NEWMAN'S OWN - With Grains,Organic Beef & Liver,0%,0%,0%,0mg,
NEWMAN'S OWN - With Grains,Organic Liver - Please to not feed this as a sole diet.,0%,0%,0%,0mg,
NULO - Freestyle/Medal Minced/Shredded,Shredded Turkey & Halibut in Gravy,45%,47%,8%,250mg,
NULO - Freestyle/Medal Minced/Shredded,Minced Turkey & Duck in Gravy,46%,46%,9%,280mg,
NULO - Freestyle/Medal Minced/Shredded,Shredded Beef & Rainbow Trout in Gravy,50%,41%,9%,290mg,
NULO - Freestyle/Medal Minced/Shredded,Minced Beef & Mackerel in Gravy,50%,41%,10%,300mg,
NULO - Freestyle/Medal Minced/Shredded,Minced Salmon & Turkey in Gravy,46%,45%,9%,320mg,
NULO - Freestyle/Medal Minced/Shredded,Shredded Chicken & Duck in Gravy,46%,45%,9%,330mg,
NULO - Freestyle/Medal Pate,Salmon & Mackerel,38%,57%,5%,230mg,
NULO - Freestyle/Medal Pate,Beef & Lamb,32%,66%,2%,270mg,
NULO - Freestyle/Medal Pate,Trout & Salmon,35%,64%,1%,280mg,
NULO - Freestyle/Medal Pate,Chicken & Herring,35%,61%,3%,320mg,
NULO - Freestyle/Medal Pate,Duck & Tuna,37%,58%,5%,330mg,
NULO - Freestyle/Medal Pate,Turkey & Chicken,35%,64%,1%,360mg,
NUTRI SOURCE,"Chicken, Turkey & Lamb",29%,59%,12%,229mg,
NUTRI SOURCE,Chicken and Rice,29%,59%,12%,236mg,
NUTRI SOURCE,"Chicken, Turkey, Lamb & Fish",31%,60%,8%,242mg,
NUTRISH,Chicken & Salmon Catterole,34%,52%,14%,207mg,
NUTRISH,Chicken & Shrimp Pawttenesca,34%,51%,14%,208mg,
NUTRISH,Ocean Fish & Chicken Catch-iatore,29%,58%,13%,213mg,
NUTRISH,Ocean Fish-a-Licious,27%,60%,13%,213mg,
NUTRISH,Tuna Purrfection,37%,45%,18%,221mg,
NUTRISH,Lip Smackin Sardine & Mackerel,27%,61%,12%,222mg,
NUTRISH,Shredded White Meat Chicken Purrcata,40%,49%,11%,224mg,
NUTRISH,Paw Lickin' Chicken & Liver,33%,50%,17%,228mg,
NUTRO - Perfect Portions,Chicken,0%,0%,0%,0mg,
NUTRO - Perfect Portions,Chicken & Liver,0%,0%,0%,0mg,
NUTRO - Perfect Portions,Turkey,0%,0%,0%,0mg,
NUTRO - Perfect Portions,Turkey & Liver,0%,0%,0%,0mg,
NUTRO - Perfect Portions,Chicken & Shrimp,0%,0%,0%,0mg,
NUTRO - Perfect Portions,"Chicken, Liver & Shrimp",0%,0%,0%,0mg,
NUTRO - Perfect Portions,Salmon & Tuna,0%,0%,0%,0mg,
NUTRO - Perfect Portions,Salmon & Chicken,0%,0%,0%,0mg,
ORGANIX - Grain Free,Chicken Pate,31%,65%,4%,182mg,
ORGANIX - Grain Free,Turkey Pate,27%,67%,5%,193mg,
ORGANIX - Grain Free,Chicken - Shredded,34%,55%,11%,202mg,
ORGANIX - Grain Free,Chicken & Chicken Liver - Shredded,30%,60%,10%,211mg,
ORGANIX - Grain Free,Chicken & Chicken Liver Pate,34%,63%,4%,212mg,
ORGANIX - With Grains,Turkey & Spinach,25%,59%,16%,129mg,
ORGANIX - With Grains,"Turkey, Brown Rice & Chicken",25%,61%,15%,131mg,
ORGANIX - With Grains,Turkey w/ Seafood,25%,57%,18%,139mg,
ORGANIX - With Grains,Turkey w/ Salmon,25%,62%,13%,146mg,
PINNACLE,Chicken & Ocean Fish,27%,68%,5%,172mg,
PINNACLE,Chicken & Tuna,32%,63%,5%,221mg,
PINNACLE,Ocean Fish,32%,64%,4%,227mg,
PRECISE - Holistic Complete,Flaked Pork,42%,43%,15%,260mg,
PRECISE - Holistic Complete,Flaked Beef,40%,43%,17%,304mg,
PRECISE - Holistic Complete,Flaked Chicken,36%,50%,14%,335mg,
PRECISE - Holistic Complete,"Wild at Heart River Line - Salmon, Tuna & Trout",41%,46%,14%,337mg,
PRO PLAN - Savor,Beef & Chicken,55%,32%,13%,221mg,
PRO PLAN - Savor,Salmon & Cheese,54%,31%,15%,229mg,
PRO PLAN - Savor,"Chicken, Tuna & Wild Rice in Sauce",52%,32%,16%,230mg,
PRO PLAN - Savor,Beef & Cheese,49%,35%,16%,238mg,
PRO PLAN - Savor,Salmon & Rice in Sauce,53%,32%,15%,242mg,
PRO PLAN - Savor,Chicken & RIce in Gravy,55%,30%,16%,247mg,
PRO PLAN - Savor,Chicken & Cheese,50%,35%,15%,249mg,
PRO PLAN - Savor,Turkey & Cheese,50%,35%,15%,252mg,
PRO PLAN - Savor,"Chicken, Pasta & Spinach in Gravy",51%,33%,16%,274mg,
PRO PLAN - Savor,Turkey & Giblets,57%,36%,7%,279mg,
PRO PLAN - Savor,"Salmon, Shrimp & Rice in Sauce",54%,29%,16%,280mg,
PRO PLAN - Savor,Turkey & Rice,54%,31%,15%,287mg,
PRO PLAN - Savor,"Tuna, Shrimp & Rice",55%,27%,17%,288mg,
PRO PLAN - Savor,Tuna in Sauce,58%,29%,13%,291mg,
PRO PLAN - Savor,"Beef, Carrots & Rice",51%,30%,19%,293mg,
PRO PLAN - Savor,Trout & Pasta,54%,30%,16%,293mg,
PRO PLAN - Savor,"Chicken, Tomato & Pasta in Gravy",53%,29%,18%,305mg,
PRO PLAN - Savor,Seafood Stew,55%,29%,16%,306mg,
PRO PLAN - Savor,Turkey & Pasta,53%,30%,17%,308mg,
PRO PLAN - Savor,Turkey & Vegetable,53%,31%,16%,312mg,
PRO PLAN - Savor,Salmon & Wild Rice Classic,37%,61%,3%,325mg,
PRO PLAN - Savor,Sole & Vegetable in Sauce,53%,32%,15%,335mg,
PRO PLAN - Savor,White Meat Chicken & Vegetable,53%,31%,16%,360mg,
PRO PLAN - Savor,Chicken & Spinach,35%,64%,1%,363mg,
PRO PLAN - Savor,Sole Entree w/Spinach in Sauce,54%,33%,13%,364mg,
PRO PLAN - Savor,Beef Entree w/Carrots in Gravy,38%,60%,2%,412mg,
PRO PLAN - Savor,Turkey & Vegetable,41%,57%,3%,417mg,
PRO PLAN - Savor,Chunky Chicken,43%,53%,4%,427mg,
PRO PLAN - Savor,Beef & Carrots Entree Classic,40%,58%,2%,433mg,
PRO PLAN - Savor,Chicken Entree w/Tomatoes,0%,0%,0%,0mg,
PRO PLAN - Focus,Urinary Tract Health Formula - Chicken in Gravy,46%,45%,9%,185mg,
PRO PLAN - Focus,Urinary Tract Health Formula - Turkey & Giblets,35%,61%,4%,187mg,
PRO PLAN - Focus,Urinary Tract Health Formula - Beef & Chicken,32%,65%,3%,218mg,
PRO PLAN - Focus,Urinary Tract Health Formula - With Salmon,38%,58%,4%,230mg,
PRO PLAN - Focus,Healthy Metabolism Salmon,59%,30%,11%,230mg,
PRO PLAN - Focus,Healthy Metabolism Chicken,53%,35%,12%,243mg,
PRO PLAN - Focus,Healthy Metabolism Turkey,56%,31%,13%,259mg,
PRO PLAN - Focus,Indoor Salmon & Rice,48%,28%,24%,263mg,
PRO PLAN - Focus,Weight Management Turkey & Rice,57%,35%,9%,282mg,
PRO PLAN - Focus,Adult 11+ Salmon & Tuna Classic,39%,59%,1%,316mg,
PRO PLAN - Focus,Urinary Tract Health Formula - Ocean Whitefish,36%,61%,3%,324mg,
PRO PLAN - Focus,Adult 11+ Chicken & Beef,39%,59%,2%,338mg,
PRO PLAN - Focus,Kitten Ocean Whitefish & Tuna,52%,43%,4%,359mg,
PRO PLAN - Focus,Kitten Chicken & Liver Classic,41%,57%,2%,456mg,
PRO PLAN - Focus,Kitten Salmon & Oceanfish,73%,26%,2%,702mg,
PRO PLAN - Prime Plus,Whitefish & Salmon,34%,63%,3%,284mg,
PRO PLAN - Prime Plus,Turkey & Giblets,31%,66%,3%,295mg,
PRO PLAN - Prime Plus,Salnon & Tuna,33%,64%,3%,315mg,
PRO PLAN - Prime Plus,Chicken & Beef,30%,66%,4%,346mg,
PRO PLAN - True Nature,Chicken & Turkey in Gravy,57%,37%,6%,262mg,
PRO PLAN - True Nature,Salmon & Catfish in Sauce,58%,35%,6%,268mg,
PRO PLAN - True Nature,Chicken & Salmon in Sauce,57%,37%,6%,273mg,
PRO PLAN - True Nature,Beef & Liver in Gravy,60%,34%,6%,297mg,
PRO PLAN - True Nature,Ocean Whitefish & Trout in Sauce,62%,32%,6%,309mg,
PRO PLAN - True Nature,Beef & Giblets Entree,37%,63%,0%,335mg,
PRO PLAN - True Nature,Turkey & Chicken Entree,37%,62%,1%,357mg,
PRO PLAN - True Nature,Chicken & Liver Entree,36%,62%,1%,360mg,
PRO PLAN - True Nature,Salmon & Brown Rice,33%,63%,4%,363mg,
PRO PLAN - True Nature,Kitten Chicken & Brown Rice,37%,58%,5%,380mg,
PRO PLAN - True Nature,Cod & Shrimp,37%,59%,4%,430mg,
PRO PLAN - True Nature,Chicken & Brown Rice,37%,58%,6%,432mg,
PRO PLAN - True Nature,Turkey & Wild Rice,35%,59%,5%,442mg,
PRO PLAN - True Nature,Beef & Brown Rice,36%,58%,6%,460mg,
PRO PLAN - True Nature,Ocean Whitefish & Salmon Entree,0%,0%,0%,0mg,
PURE-VITA,Chicken Stew,35%,52%,13%,235mg,
PURE-VITA,Beef Stew,33%,53%,14%,242mg,
PURE-VITA,Turkey Stew,34%,57%,9%,275mg,
PURINA - Pro Plan Veterinary Diets,NF,28%,45%,27%,136mg,"""prescription"" diet"
PURINA - Pro Plan Veterinary Diets,UR,38%,51%,12%,191mg,"""prescription"" diet"
PURINA - Pro Plan Veterinary Diets,UR Savory Selects in Sauce - Turkey & Giblets,54%,33%,13%,214mg,"""prescription"" diet"
PURINA - Pro Plan Veterinary Diets,CN,28%,63%,9%,249mg,"""prescription"" diet"
PURINA - Pro Plan Veterinary Diets,UR Savory Selects in Sauce - Salmon,55%,32%,14%,254mg,"""prescription"" diet"
PURINA - Pro Plan Veterinary Diets,DM Savory Selects in Sauce,49%,40%,10%,256mg,"""prescription"" diet"
PURINA - Pro Plan Veterinary Diets,EN,39%,44%,17%,278mg,"""prescription"" diet"
PURINA - Pro Plan Veterinary Diets,OM Savory Selects in Sauce,53%,30%,17%,279mg,"""prescription"" diet"
PURINA - Pro Plan Veterinary Diets,DM,43%,52%,6%,297mg,"""prescription"" diet"
PURINA - Pro Plan Veterinary Diets,EN Naturals,35%,51%,14%,301mg,"""prescription"" diet"
PURINA - Pro Plan Veterinary Diets,OM,46%,33%,21%,340mg,"""prescription"" diet"
PURINA - Pro Plan Veterinary Diets,DH (DRY),36%,32%,33%,354mg,"""prescription"" diet"
PURINA ONE - Grain Free,Chicken,0%,0%,0%,0mg,
PURINA ONE - Grain Free,Turkey,0%,0%,0%,0mg,
PURINA ONE - Grain Free,Beef,0%,0%,0%,0mg,
PURINA ONE - Grain Free,Ocean Whitefish,0%,0%,0%,0mg,
PURINA ONE - Ideal Weight,White Meat Chicken,0%,0%,0%,0mg,
PURINA ONE - Ideal Weight,Salmon,0%,0%,0%,0mg,
PURINA ONE - True Instinct,Tuna,58%,28%,14%,273mg,
PURINA ONE - True Instinct,Turkey in Gravy,56%,33%,12%,273mg,
PURINA ONE - True Instinct,Chicken in Gravy,55%,32%,13%,280mg,
PURINA ONE - True Instinct,Chicken & Turkey in Gravy,0%,0%,0%,0mg,
PURINA ONE - True Instinct,Chicken & Salmon,0%,0%,0%,0mg,
PURINA ONE - True Instinct,Salmon & Trout,0%,0%,0%,0mg,
Royal Canin,Babycat Instinctive,40%,51%,8%,296mg,
Royal Canin,Kitten Instinctive - Thin Slices in Gravy,48%,42%,10%,285mg,
Royal Canin,Kitten Instinctive - Loaf in Sauce,50%,39%,11%,305mg,
Royal Canin,Adult Instinctive - Thin Slices in Gravy,54%,32%,14%,261mg,
Royal Canin,Adult Instinctive - Loaf in Sauce,56%,31%,13%,280mg,
Royal Canin,Digst Sensitive - Thin Slices in Gravy,43%,35%,21%,247mg,
Royal Canin,Digest Sensitive - Loaf in Sauce,41%,35%,25%,259mg,
Royal Canin,Intense Beauty - Thin Slices in Gravy,50%,36%,14%,229mg,
Royal Canin,Intense Beauty - Loaf in Sauce,51%,36%,13%,255mg,
Royal Canin,Spayed/Neutered - Thin Slices in Gravy,55%,29%,15%,303mg,
Royal Canin,Spayed/Neutered - Loaf in Sauce,62%,32%,7%,310mg,
Royal Canin,Ultra Light - Thin Slices in Gravy,61%,29%,10%,305mg,
Royal Canin,Ultra Light - Loaf in Sauce,61%,26%,13%,291mg,
Royal Canin,Instinctive 7+ Thin Slices in Gravy,52%,28%,20%,207mg,
Royal Canin,Instinctive 7+ - Loaf in Sauce,50%,28%,22%,195mg,
Royal Canin,Aging 12+ - Thin Slices in Gravy,42%,39%,20%,159mg,
Royal Canin,Aging 12+ - Loaf in Sauce,41%,39%,20%,139mg,
Royal Canin - 'prescription',Developement Kitten,43%,46%,11%,250mg,â€˜prescriptionâ€™ diet
Royal Canin - 'prescription',Weight Control,49%,28%,23%,240mg,â€˜prescriptionâ€™ diet
Royal Canin - 'prescription',Adult,45%,36%,19%,230mg,â€˜prescriptionâ€™ diet
Royal Canin - 'prescription',Dental (DRY),28%,36%,36%,180mg,â€˜prescriptionâ€™ diet
Royal Canin - 'prescription',Mature Consult,45%,27%,28%,170mg,â€˜prescriptionâ€™ diet
Royal Canin - 'prescription',Senior Consult,33%,37%,30%,140mg,â€˜prescriptionâ€™ diet
Royal Canin - 'prescription',Selected Protein - Duck,31%,53%,16%,190mg,â€˜prescriptionâ€™ diet
Royal Canin - 'prescription',Selected Protein - Rabbit,34%,51%,15%,270mg,â€˜prescriptionâ€™ diet
Royal Canin - 'prescription',Selected Protein - Venison,30%,46%,24%,300mg,â€˜prescriptionâ€™ diet
Royal Canin - 'prescription',Glycobalance,51%,34%,14%,200mg,â€˜prescriptionâ€™ diet
Royal Canin - 'prescription',GI High Energy,30%,51%,19%,260mg,â€˜prescriptionâ€™ diet
Royal Canin - 'prescription',GI Moderate Calorie Morsels in Gravy,37%,34%,29%,280mg,â€˜prescriptionâ€™ diet
Royal Canin - 'prescription',MF Urinary + Calm,40%,36%,24%,224mg,â€˜prescriptionâ€™ diet
Royal Canin - 'prescription',Recovery - Feline & Canine,36%,58%,3%,250mg,â€˜prescriptionâ€™ diet
Royal Canin - 'prescription',Renal Support - D,24%,60%,16%,80mg,â€˜prescriptionâ€™ diet
Royal Canin - 'prescription',Renal Support - E,25%,54%,21%,90mg,â€˜prescriptionâ€™ diet
Royal Canin - 'prescription',Renal Support - T,24%,53%,23%,100mg,â€˜prescriptionâ€™ diet
Royal Canin - 'prescription',SO - Pate,31%,49%,20%,170mg,â€˜prescriptionâ€™ diet
Royal Canin - 'prescription',SO Morsels in Gravy,31%,48%,21%,170mg,â€˜prescriptionâ€™ diet
Royal Canin - 'prescription',SO Moderate Calorie,40%,36%,24%,180mg,â€˜prescriptionâ€™ diet
Royal Canin - 'prescription',Calorie Control - Pate,58%,32%,11%,270mg,â€˜prescriptionâ€™ diet
Royal Canin - 'prescription',Calorie Control - Morsels in Gravy,49%,27%,25%,230mg,â€˜prescriptionâ€™ diet
Royal Canin - 'prescription',Calorie Control High Fiber,32%,40%,29%,180mg,â€˜prescriptionâ€™ diet
SCIENCE DIET - Adult Homestyle Suppers,Chicken,35%,42%,23%,156mg,
SCIENCE DIET - Adult Homestyle Suppers,Tuna,38%,41%,21%,176mg,
SCIENCE DIET - Adult Entrees,Chicken,28%,44%,20%,158mg,
SCIENCE DIET - Adult Entrees,Liver & Chicken,28%,44%,20%,158mg,
SCIENCE DIET - Adult Entrees,Turkey,28%,44%,20%,158mg,
SCIENCE DIET - Adult Entrees,Turkey & Giblets,28%,44%,20%,158mg,
SCIENCE DIET - Adult Entrees,Beef,28%,44%,20%,158mg,
SCIENCE DIET - Adult Entrees,Salmon,28%,44%,20%,158mg,
SCIENCE DIET - Adult Entrees,Seafood,28%,44%,20%,158mg,
SCIENCE DIET - Adult Grain-Free,Tuna,28%,52%,20%,132mg,
SCIENCE DIET - Adult Grain-Free,Chicken,25%,51%,24%,142mg,
SCIENCE DIET - Adult Grain-Free,Trout,25%,51%,24%,163mg,
SCIENCE DIET - Adult Grain-Free,Salmon,25%,52%,23%,163mg,
SCIENCE DIET - Adult Perfect Weight,Chicken & Vegetable,39%,29%,32%,185mg,
SCIENCE DIET - Adult Tender Dinners,Chicken,33%,39%,24%,140mg,
SCIENCE DIET - Adult Tender Dinners,Tuna,33%,39%,24%,140mg,
SCIENCE DIET - Adult Tender Dinners,Ocean Fish,33%,39%,24%,140mg,
SCIENCE DIET - Kitten,Tender Chicken,36%,49%,15%,191mg,
SCIENCE DIET - Kitten,Homestyle Chicken,34%,48%,18%,214mg,
SCIENCE DIET - Kitten,LIver & Chicken,38%,47%,12%,198mg,
SCIENCE DIET - Kitten,Turkey & Giblets,38%,47%,12%,198mg,
SCIENCE DIET - Kitten,Savory Salmon,38%,47%,12%,198mg,
SCIENCE DIET - Mature Adult,Chicken Supper,33%,43%,24%,151mg,
SCIENCE DIET - Mature Adult,Chicken Dinner,33%,39%,24%,140mg,
SCIENCE DIET - Mature Adult,Tuna Dinner,33%,39%,24%,140mg,
SCIENCE DIET - Mature Adult,Chicken Entree,29%,41%,22%,156mg,
SCIENCE DIET - Mature Adult,Turkey Entree,29%,41%,22%,156mg,
SCIENCE DIET - Mature Adult,Beef Entree,29%,41%,22%,156mg,
SCIENCE DIET - Adult Light,Liver & Chicken,34%,33%,33%,192mg,
SCIENCE DIET - Indoor,Chicken,30%,48%,20%,147mg,
SCIENCE DIET - Indoor,Seafood,30%,48%,20%,147mg,
SCIENCE DIET - Hairball Control,Chicken,30%,45%,21%,149mg,
SCIENCE DIET - Hairball Control,Seafood,30%,45%,21%,149mg,
SHEBA - Perfect Portions - Cuts in Gravy,Tender Turkey,34%,55%,11%,215mg,
SHEBA - Perfect Portions - Cuts in Gravy,Tender Trout,38%,46%,16%,311mg,
SHEBA - Perfect Portions - Cuts in Gravy,Roasted Chicken,41%,46%,13%,352mg,
SHEBA - Perfect Portions - Cuts in Gravy,Mixed Grill,41%,46%,13%,352mg,
SHEBA - Perfect Portions - Cuts in Gravy,Tuna & Shrimp,41%,44%,15%,358mg,
SHEBA - Perfect Portions - Cuts in Gravy,Salmon,47%,40%,13%,361mg,
SHEBA - Perfect Portions - Cuts in Gravy,Salmon & Chicken,47%,40%,13%,361mg,
SHEBA - Perfect Portions - Pates,All varieties - approximate values,42%,56%,3%,236mg,
SIMPLY NOURISH,,0%,0%,0%,0mg,Petsmart brand. Purchase is NOT recommended. See Notes main chart - â€˜List of Shame.â€™
SOULISTIC - Moist and Tender - cans,Chicken,37%,55%,8%,173mg,
SOULISTIC - Moist and Tender - cans,Turkey,40%,54%,6%,178mg,
SOULISTIC - Moist and Tender - cans,Salmon,37%,57%,6%,214mg,
SOULISTIC - Moist and Tender - cans,Lamb,45%,49%,6%,285mg,
SOULISTIC - Moist and Tender - cans,Duck,45%,47%,8%,464mg,
SOULISTIC - Moist and Tender - cans,Beef,50%,42%,8%,487mg,
SOULISTIC - Moist and Tender - pouches,Tuna & Duck,54%,34%,13%,177mg,
SOULISTIC - Moist and Tender - pouches,Tuna & Turkey,54%,32%,14%,195mg,
SOULISTIC - Moist and Tender - pouches,Tuna & Chicken,59%,32%,9%,195mg,
SOULISTIC - Moist and Tender - pouches,Tuna & Beef,56%,29%,15%,198mg,
SOULISTIC - Moist and Tender - pouches,Tuna & Lamb,55%,30%,15%,207mg,
SOULISTIC - Moist and Tender - pouches,Tuna & Salmon,63%,24%,13%,254mg,
SOULISTIC - Pate and Shreds,Chicken,31%,65%,3%,154mg,
SOULISTIC - Pate and Shreds,Lamb,44%,50%,5%,234mg,
SOULISTIC - Pate and Shreds,Chicken & Turkey,49%,45%,5%,262mg,
SOULISTIC - Pate and Shreds,Chicken & Tuna,51%,43%,6%,265mg,
SOULISTIC - Pate and Shreds,Chicken & Salmon,51%,42%,7%,284mg,
SOULISTIC - Pate and Shreds,Beef & Salmon,60%,35%,6%,341mg,
SOULISTIC - Original - cans,Harvest Sunrise,49%,26%,24%,148mg,
SOULISTIC - Original - cans,Sweet Salutations,52%,29%,20%,195mg,
SOULISTIC - Original - cans,Seaside Serenity,59%,28%,13%,196mg,
SOULISTIC - Original - cans,Golden Fortune,56%,26%,17%,199mg,
SOULISTIC - Original - cans,Nautical Nirvana,56%,31%,14%,203mg,
SOULISTIC - Original - cans,Aromatic Chicken,71%,29%,1%,207mg,
SOULISTIC - Original - cans,Double Happiness,55%,43%,2%,209mg,
SOULISTIC - Original - cans,Pure Bliss,58%,22%,20%,212mg,
SOULISTIC - Original - cans,Good Karma,58%,26%,17%,214mg,
SOULISTIC - Original - cans,Aqua Grill,52%,27%,20%,219mg,
SOULISTIC - Original - cans,Shrimply Divine,60%,40%,0%,227mg,
SOULISTIC - Original - cans,Polynesian Picnic,68%,26%,6%,244mg,
SOULISTIC - Original - cans,Upstream Dream,63%,33%,5%,248mg,
SOULISTIC - Original - cans,Tri-Fusion,56%,27%,17%,252mg,
SOULISTIC - Original - pouches,Good Karma,61%,25%,14%,184mg,
SOULISTIC - Original - pouches,Triple Harmony,56%,22%,23%,214mg,
SOULISTIC - Original - pouches,Autumn Bounty,74%,17%,9%,220mg,
SOULISTIC - Original - pouches,Midnight Delight,52%,29%,19%,226mg,
SOULISTIC - Original - pouches,Island Illusion,57%,30%,14%,231mg,
SOULISTIC - Original - pouches,Luna Tuna,72%,23%,5%,253mg,
TENDER and TRUE,Chicken & Liver,27%,43%,30%,0mg,Phosphorus content not provided by company
TENDER and TRUE,Turkey & Liver,27%,43%,30%,0mg,Phosphorus content not provided by company
TENDER and TRUE,Chicken & Brown Rice,26%,39%,34%,0mg,Phosphorus content not provided by company
TENDER and TRUE,Turkey $ Brown Rice,26%,39%,34%,0mg,Phosphorus content not provided by company
TENDER and TRUE,Ocean Whitefish & Brown Rice,27%,40%,34%,0mg,Phosphorus content not provided by company
TIKI CAT - Fish/Seafood,Manana Grill,71%,29%,0%,151mg,
TIKI CAT - Fish/Seafood,Molokai Luau,70%,30%,0%,170mg,
TIKI CAT - Fish/Seafood,Hanalei Luau,76%,24%,0%,176mg,
TIKI CAT - Fish/Seafood,Waikiki Luau,64%,36%,0%,222mg,
TIKI CAT - Fish/Seafood,Hana Luau,77%,23%,0%,231mg,
TIKI CAT - Fish/Seafood,Lanai Luau,66%,34%,0%,233mg,
TIKI CAT - Fish/Seafood,Honolulu Luau,72%,28%,0%,253mg,
TIKI CAT - Fish/Seafood,Papeekeo Luau,74%,26%,0%,255mg,
TIKI CAT - Fish/Seafood,Waimea Luau,70%,30%,0%,327mg,
TIKI CAT - Fish/Seafood,Bora Bora Luau,34%,66%,0%,377mg,
TIKI CAT - Fish/Seafood,Tahitian Grill,70%,30%,0%,400mg,
TIKI CAT - Fish/Seafood,Makaha Luau,61%,39%,0%,488mg,
TIKI CAT - Chicken/Fish,Napili Luau,72%,28%,0%,150mg,
TIKI CAT - Chicken/Fish,Hookena Luau,82%,18%,0%,245mg,
TIKI CAT - Chicken (no fish),Koolina Luau,84%,16%,0%,149mg,
TIKI CAT - Chicken (no fish),Puka Puka Luau,77%,23%,0%,154mg,
TIKI CAT - Gourmet Carnivore,Seabass,33%,67%,0%,163mg,
TIKI CAT - Gourmet Carnivore,Tilapia,33%,67%,0%,170mg,
TIKI CAT - Gourmet Carnivore,Chicken with Duck,39%,61%,0%,170mg,
TIKI CAT - Gourmet Carnivore,Chicken with Turkey,42%,58%,0%,170mg,
TIKI CAT - Gourmet Carnivore,Beef Liver and Lamb,32%,68%,0%,198mg,
TIKI CAT - Gourmet Carnivore,Bonito Tuna,33%,67%,0%,208mg,
TIKI CAT - Gourmet Carnivore,Beef and Liver,28%,72%,0%,212mg,
TIKI CAT - Gourmet Carnivore,Beef Liver and Chicken,38%,62%,0%,231mg,
TIKI CAT - Gourmet Carnivore,Chicken and Liver,31%,69%,0%,250mg,
TRADER JOE'S,Chicken/Turkey & Rice,31%,57%,12%,214mg,
TRADER JOE'S,Turkey & Giblets,32%,59%,9%,235mg,
TRADER JOE'S,"Ocean Fish, Salmon & Rice",33%,56%,11%,240mg,
TRADER JOE'S,Tuna - Supplemental diet ONLY,71%,27%,2%,368mg,Warning: This is not complete and balanced for use as a sole diet.
TRIUMPH,Turkey,27%,71%,3%,230mg,
TRIUMPH,Beef,30%,64%,6%,257mg,
TRIUMPH,Chicken & Liver,31%,63%,6%,270mg,
TRIUMPH,Salmon,33%,61%,6%,289mg,
TRIUMPH,Trout,34%,61%,5%,314mg,
TRIUMPH,Ocean Fish,40%,56%,4%,373mg,
VeRUS - New Zealand Formulas w/Mussel,Chicken/Salmon,36%,64%,1%,333mg,
VeRUS - New Zealand Formulas w/Mussel,Lamb/Tripe/Vegetables,26%,74%,0%,415mg,
VeRUS - New Zealand Formulas w/Mussel,Chicken,39%,61%,0%,474mg,
VeRUS - New Zealand Formulas w/Mussel,Chicken/Ocean Fish/Tripe,41%,58%,0%,672mg,
VeRUS - New Zealand Formulas w/Mussel,Beef/Pumpkin,45%,53%,1%,796mg,
VeRUS - New Zealand Formulas w/Mussel,Chicken/Pumpkin,36%,62%,3%,837mg,
VeRUS - New Zealand Formulas w/Mussel,Beef/Apple/Vegetable,53%,45%,2%,845mg,
VeRUS - New Zealand Formulas w/Mussel,Lamb/Pumpkin,0%,0%,0%,0mg,
VeRUS - USA Formulas,Chicken & Liver,34%,66%,0%,230mg,
VeRUS - USA Formulas,Ocean Fish,39%,61%,0%,302mg,
VeRUS - USA Formulas,"Turkey, Chicken & Fish",34%,66%,0%,327mg,
VeRUS - USA Formulas,Chicken Pate,35%,65%,0%,357mg,
VeRUS - USA Formulas,Tuna Pate,49%,51%,0%,368mg,
VeRUS - USA Formulas,Salmon Pate,36%,64%,0%,385mg,
VeRUS - USA Formulas,Beef Pate,0%,0%,0%,0mg,
WELLNESS - CORE,"Chicken, Turkey, & Chicken Liver",32%,60%,8%,215mg,
WELLNESS - CORE,Turkey & Duck,38%,57%,5%,265mg,
WELLNESS - CORE,"Beef, Venison, & Lamb",38%,49%,13%,266mg,
WELLNESS - CORE,"Salmon, Whitefish, & Herring",37%,50%,13%,269mg,
WELLNESS - CORE,Kitten,36%,58%,6%,275mg,
WELLNESS - CORE,Indoor,44%,44%,12%,347mg,
WELLNESS - DIVINE DUOS,Beef Pate & Diced Chicken Liver,21%,64%,14%,112mg,
WELLNESS - DIVINE DUOS,Chicken Pate & Diced Duck,21%,64%,14%,140mg,
WELLNESS - DIVINE DUOS,Chicken Pate & Diced Turkey,22%,61%,16%,140mg,
WELLNESS - DIVINE DUOS,Tuna Pate & Diced Salmon,25%,59%,16%,155mg,
WELLNESS - DIVINE DUOS,Chicken Pate & Diced Salmon,23%,60%,16%,170mg,
WELLNESS - DIVINE DUOS,Tilapia Pate & Diced Ahi Tuna,23%,62%,15%,206mg,
WELLNESS - CUBED/SLICED/MINCED,Chicken Entree - Cubed,27%,65%,8%,265mg,
WELLNESS - CUBED/SLICED/MINCED,Chicken Entree/Dinner - Minced,32%,58%,10%,319mg,
WELLNESS - CUBED/SLICED/MINCED,Chicken Entree - Sliced,32%,58%,10%,327mg,
WELLNESS - CUBED/SLICED/MINCED,Turkey Entree/Dinner - Cubed,35%,53%,12%,334mg,
WELLNESS - CUBED/SLICED/MINCED,Turkey and Salmon EntrÃ©e - Cubed,36%,53%,12%,347mg,
WELLNESS - CUBED/SLICED/MINCED,Tuna Entree - Cubed,52%,34%,14%,355mg,
WELLNESS - CUBED/SLICED/MINCED,Tuna Dinner - Minced,52%,35%,14%,360mg,
WELLNESS - CUBED/SLICED/MINCED,Turkey and Salmon EntrÃ©e - Minced,36%,52%,13%,372mg,
WELLNESS - CUBED/SLICED/MINCED,Turkey Entree - Minced,36%,51%,13%,372mg,
WELLNESS - CUBED/SLICED/MINCED,Turkey Entree - Sliced,35%,52%,13%,375mg,
WELLNESS - CUBED/SLICED/MINCED,Turkey and Salmon Dinner - Sliced,35%,52%,12%,376mg,
WELLNESS - CUBED/SLICED/MINCED,Salmon EntrÃ©e - Minced,36%,55%,9%,423mg,
WELLNESS - CUBED/SLICED/MINCED,Salmon Dinner - Cubed,38%,53%,10%,424mg,
WELLNESS - CUBED/SLICED/MINCED,Salmon Entree - Sliced,38%,52%,10%,427mg,
WELLNESS - HEALTHY INDULGENCE,Morsels Chicken & Chicken Liver,28%,55%,17%,116mg,
WELLNESS - HEALTHY INDULGENCE,Morsels Chicken & Salmon,31%,52%,17%,126mg,
WELLNESS - HEALTHY INDULGENCE,Morsels Chicken & Turkey,28%,58%,14%,131mg,
WELLNESS - HEALTHY INDULGENCE,Morsels Turkey & Duck,28%,54%,17%,131mg,
WELLNESS - HEALTHY INDULGENCE,Morsels with Tuna,30%,52%,17%,132mg,
WELLNESS - HEALTHY INDULGENCE,Morsels Salmon & Tuna,34%,49%,16%,138mg,
WELLNESS - HEALTHY INDULGENCE,Shreds Chicken & Turkey,24%,57%,19%,174mg,
WELLNESS - HEALTHY INDULGENCE,Gravies Chicken & Turkey,26%,55%,19%,204mg,
WELLNESS - HEALTHY INDULGENCE,Shreds Skipjack & Shrimp,30%,56%,14%,250mg,
WELLNESS - HEALTHY INDULGENCE,Gravies Tuna & Mackerel,31%,55%,14%,282mg,
WELLNESS - Complete Health,Turkey,31%,65%,4%,200mg,
WELLNESS - Complete Health,Beef & Salmon,30%,64%,6%,207mg,
WELLNESS - Complete Health,Kitten,28%,67%,5%,216mg,
WELLNESS - Complete Health,Chicken,30%,66%,4%,218mg,
WELLNESS - Complete Health,Beef & Chicken,31%,65%,4%,228mg,
WELLNESS - Complete Health,Salmon & Trout,27%,65%,8%,249mg,
WELLNESS - Complete Health,Chicken & Lobster,29%,61%,11%,264mg,
WELLNESS - Complete Health,Turkey & Salmon,37%,58%,5%,300mg,
WELLNESS - Complete Health,Chicken & Herring,34%,60%,6%,303mg,
WELLNESS - Complete Health,"Salmon, Shrimp & Crab",27%,64%,9%,314mg,
WELLNESS - SIGNATURE SELECTS,Flaked Skipjack Tuna/Wild Salmon EntrÃ©e in Broth,45%,43%,13%,205mg,
WELLNESS - SIGNATURE SELECTS,Flaked Skipjack Tuna with Shrimp EntrÃ©e in Broth,46%,40%,14%,217mg,
WELLNESS - SIGNATURE SELECTS,Shredded White Meat Chicken/Chicken Liver in Sauce,38%,33%,28%,229mg,
WELLNESS - SIGNATURE SELECTS,Chunky Turkey & White Meat Chicken EntrÃ©e in Sauce,33%,39%,29%,229mg,
WELLNESS - SIGNATURE SELECTS,Chunky White Meat Chicken/Wild Salmon EntrÃ©e in Sauce,27%,49%,25%,232mg,
WELLNESS - SIGNATURE SELECTS,Shredded White Meat Chicken & Turkey EntrÃ©e in Sauce,38%,34%,28%,235mg,
WELLNESS - SIGNATURE SELECTS,Shredded White Meat Chicken & Beef EntrÃ©e in Sauce,40%,33%,28%,246mg,
WELLNESS - SIGNATURE SELECTS,Chunky Beef & White Meat Chicken EntrÃ©e in Sauce,36%,31%,33%,256mg,
WERUVA - Cats in the Kitchen cans,Chicken Frick 'A Zee,51%,47%,2%,174mg,
WERUVA - Cats in the Kitchen cans,Fowl Ball,41%,55%,4%,180mg,
WERUVA - Cats in the Kitchen cans,Funk in the Trunk,63%,29%,8%,250mg,
WERUVA - Cats in the Kitchen cans,Goldie Lox,66%,30%,4%,252mg,
WERUVA - Cats in the Kitchen cans,Kitty Gone Wild,60%,35%,5%,412mg,
WERUVA - Cats in the Kitchen cans,La Isla Bonita,51%,46%,3%,166mg,
WERUVA - Cats in the Kitchen cans,Lamb Burgini,45%,47%,8%,236mg,
WERUVA - Cats in the Kitchen cans,Splash Dance,50%,46%,4%,292mg,
WERUVA - Cats in the Kitchen cans,The Double Dip,48%,45%,8%,248mg,
WERUVA - Cats in the Kitchen cans,Two Tu Tango,57%,38%,5%,343mg,
WERUVA - Cats in the Kitchen pouches,"1 If By Land, 2 If By Sea",55%,29%,16%,200mg,
WERUVA - Cats in the Kitchen pouches,Chick Magnet,48%,36%,16%,157mg,
WERUVA - Cats in the Kitchen pouches,Love Me Tender,56%,27%,17%,205mg,
WERUVA - Cats in the Kitchen pouches,"Mack, Jack, & Sam",53%,29%,18%,212mg,
WERUVA - Cats in the Kitchen pouches,Pumpkin Jack Splash,67%,19%,14%,258mg,
WERUVA - Cats in the Kitchen pouches,Pumpkin Lickin' Chicken,63%,25%,12%,195mg,
WERUVA - Truluxe,Steak Frites,45%,49%,6%,118mg,
WERUVA - Truluxe,On the Cat Wok,53%,43%,4%,163mg,
WERUVA - Truluxe,Glam 'N Punk,36%,63%,1%,180mg,
WERUVA - Truluxe,Peking Ducken,62%,29%,9%,195mg,
WERUVA - Truluxe,Meow Me a River,75%,24%,1%,201mg,
WERUVA - Truluxe,Pretty In Pink,72%,29%,0%,229mg,
WERUVA - Truluxe,Mediterranean Harvest,65%,21%,13%,237mg,
WERUVA - Truluxe,Honor Roll,60%,37%,3%,246mg,
WERUVA - Truluxe,Kawa Booty,61%,34%,6%,248mg,
WERUVA - Truluxe,Quick 'N Quirky,70%,30%,0%,259mg,
WERUVA - Original - Chicken & Beef,Grandma's Chicken Soup,53%,26%,21%,193mg,
WERUVA - Original - Chicken & Beef,Paw Lickin' Chicken,65%,32%,3%,196mg,
WERUVA - Original - Chicken & Beef,Nine Liver,59%,33%,9%,200mg,
WERUVA - Original - Chicken & Beef,Funky Chunky Chicken Soup,52%,29%,20%,201mg,
WERUVA - Original - Chicken & Beef,Green Eggs & Chicken,56%,35%,9%,230mg,
WERUVA - Original - Seafood,Mideast Feast,61%,32%,7%,202mg,
WERUVA - Original - Seafood,Marbella Paella,62%,37%,1%,253mg,
WERUVA - Original - Seafood,Meow Luau,64%,33%,3%,253mg,
WERUVA - Original - Seafood,Aisan Fusion,62%,37%,1%,295mg,
WERUVA - Original - Seafood,Mack & Jack,78%,22%,0%,337mg,
WERUVA - Original - Seafood,Polynesian BBQ,64%,30%,6%,354mg,
WERUVA - Original - Seafood,Outback Grill,62%,37%,1%,562mg,
WHOLE EARTH FARMS Grain Free,Chicken Pate,39%,51%,10%,182mg,
WHOLE EARTH FARMS Grain Free,Duck Pate,28%,68%,4%,130mg,
WHOLE EARTH FARMS Grain Free,Turkey Pate,38%,57%,5%,246mg,
WHOLE EARTH FARMS Grain Free,Beef Pate,40%,48%,12%,265mg,
WILD CALLING,Cowabunga Beef Cat,31%,67%,2%,229mg,
WILD CALLING,Triple Delight Cat,28%,70%,2%,246mg,
WILD CALLING,Magic Meadow Buffalo Cat,30%,68%,2%,309mg,
WILD CALLING,Rabbit Burrow Rabbit Cat,33%,64%,4%,312mg,
WILD CALLING,Inland Waters Duck Cat,32%,64%,4%,316mg,
WILD CALLING,Cabin Fever Chicken Cat,30%,68%,2%,316mg,
WILD CALLING,Trot-N-Tommy Turkey Cat,33%,64%,2%,327mg,
WILD CALLING,Jumping Salmon Cat,32%,63%,4%,399mg,
WYSONG,Duck - Epigen,32%,63%,5%,122mg,WARNING: Wysong Epigen diets are not complete and balanced for use as a sole diet.
WYSONG,Turkey - Epigen,32%,62%,6%,123mg,WARNING: Wysong Epigen diets are not complete and balanced for use as a sole diet.
WYSONG,Rabbit - Epigen,32%,65%,3%,139mg,WARNING: Wysong Epigen diets are not complete and balanced for use as a sole diet.
WYSONG,Chicken - Epigen,33%,62%,5%,143mg,WARNING: Wysong Epigen diets are not complete and balanced for use as a sole diet.
WYSONG,Beef - Epigen,32%,65%,3%,159mg,WARNING: Wysong Epigen diets are not complete and balanced for use as a sole diet.
WYSONG,Uretic,37%,53%,10%,179mg,
ZIWIPEAK,Venison,35%,62%,3%,252mg,
ZIWIPEAK,Lamb,32%,63%,6%,254mg,
ZIWIPEAK,Venison & Fish,36%,59%,5%,260mg,
ZIWIPEAK,Rabbit & Lamb,35%,62%,3%,271mg,
ZIWIPEAK,Beef,33%,57%,10%,298mg,
