Driver,Name_x,Year_x,Race_Result,Serial
Tommi Mäkinen,Rallye Automobile Monte-Carlo,2000,1,1.0
Carlos Sainz,Rallye Automobile Monte-Carlo,2000,2,1.0
Colin McRae,Rallye Automobile Monte-Carlo,2000,DNF,1.0
Carlos Sainz,International Swedish Rally,2000,DNF,2.0
Colin McRae,International Swedish Rally,2000,3,2.0
Tommi Mäkinen,International Swedish Rally,2000,2,2.0
Tommi Mäkinen,Sameer Safari Rally Kenya,2000,DNF,3.0
Carlos Sainz,Sameer Safari Rally Kenya,2000,4,3.0
Colin McRae,Sameer Safari Rally Kenya,2000,DNF,3.0
Colin McRae,TAP Rallye de Portugal,2000,DNF,4.0
Carlos Sainz,TAP Rallye de Portugal,2000,3,4.0
Tommi Mäkinen,TAP Rallye de Portugal,2000,DNF,4.0
Colin McRae,Rallye Catalunya - Costa Brava - Rallye de España,2000,1,5.0
Tommi Mäkinen,Rallye Catalunya - Costa Brava - Rallye de España,2000,4,5.0
Carlos Sainz,Rally Argentina,2000,DNF,6.0
Colin McRae,Rally Argentina,2000,DNF,6.0
Tommi Mäkinen,Rally Argentina,2000,3,6.0
Colin McRae,Acropolis Rally,2000,1,7.0
Carlos Sainz,Acropolis Rally,2000,2,7.0
Tommi Mäkinen,Acropolis Rally,2000,DNF,7.0
Carlos Sainz,Propecia Rally New Zealand,2000,3,8.0
Tommi Mäkinen,Propecia Rally New Zealand,2000,DNF,8.0
Colin McRae,Propecia Rally New Zealand,2000,2,8.0
Carlos Sainz,Neste Rally Finland,2000,1,9.0
Tommi Mäkinen,Neste Rally Finland,2000,4,9.0
Colin McRae,Neste Rally Finland,2000,2,9.0
Sébastien Loeb,Neste Rally Finland,2000,DNF,9.0
Colin McRae,Cyprus Rally,2000,2,10.0
Carlos Sainz,Cyprus Rally,2000,1,10.0
Tommi Mäkinen,Cyprus Rally,2000,5,10.0
Tommi Mäkinen,V-Rally Tour de Corse - Rallye de France,2000,DNF,11.0
Colin McRae,V-Rally Tour de Corse - Rallye de France,2000,DNF,11.0
Carlos Sainz,V-Rally Tour de Corse - Rallye de France,2000,3,11.0
Tommi Mäkinen,Rallye Sanremo - Rallye d'Italia,2000,3,12.0
Colin McRae,Rallye Sanremo - Rallye d'Italia,2000,6,12.0
Carlos Sainz,Rallye Sanremo - Rallye d'Italia,2000,5,12.0
Sébastien Loeb,Rallye Sanremo - Rallye d'Italia,2000,1,12.0
Colin McRae,Telstra Rally Australia,2000,DNF,13.0
Tommi Mäkinen,Telstra Rally Australia,2000,DNF,13.0
Carlos Sainz,Telstra Rally Australia,2000,DNF,13.0
Sébastien Loeb,Network Q Rally of Great Britain,2000,3,14.0
Colin McRae,Network Q Rally of Great Britain,2000,DNF,14.0
Carlos Sainz,Network Q Rally of Great Britain,2000,4,14.0
Tommi Mäkinen,Network Q Rally of Great Britain,2000,3,14.0
Colin McRae,Rallye Automobile Monte-Carlo,2001,DNF,15.0
Sébastien Loeb,Rallye Automobile Monte-Carlo,2001,1,15.0
Tommi Mäkinen,Rallye Automobile Monte-Carlo,2001,1,15.0
Carlos Sainz,Rallye Automobile Monte-Carlo,2001,2,15.0
Colin McRae,International Swedish Rally,2001,9,16.0
Sébastien Loeb,International Swedish Rally,2001,DNF,16.0
Carlos Sainz,International Swedish Rally,2001,3,16.0
Tommi Mäkinen,International Swedish Rally,2001,DNF,16.0
Tommi Mäkinen,TAP Rallye de Portugal,2001,1,17.0
Colin McRae,TAP Rallye de Portugal,2001,DNF,17.0
Carlos Sainz,TAP Rallye de Portugal,2001,2,17.0
Tommi Mäkinen,Rallye Catalunya - Costa Brava - Rallye de España,2001,3,18.0
Colin McRae,Rallye Catalunya - Costa Brava - Rallye de España,2001,DNF,18.0
Carlos Sainz,Rallye Catalunya - Costa Brava - Rallye de España,2001,5,18.0
Carlos Sainz,Rally Argentina,2001,3,19.0
Tommi Mäkinen,Rally Argentina,2001,4,19.0
Colin McRae,Rally Argentina,2001,1,19.0
Carlos Sainz,Cyprus Rally,2001,3,20.0
Tommi Mäkinen,Cyprus Rally,2001,DNF,20.0
Colin McRae,Cyprus Rally,2001,1,20.0
Carlos Sainz,Acropolis Rally,2001,DNF,21.0
Tommi Mäkinen,Acropolis Rally,2001,4,21.0
Colin McRae,Acropolis Rally,2001,1,21.0
Carlos Sainz,Safari Rally Kenya,2001,DNF,22.0
Colin McRae,Safari Rally Kenya,2001,DNF,22.0
Tommi Mäkinen,Safari Rally Kenya,2001,1,22.0
Carlos Sainz,Neste Rally Finland,2001,6,23.0
Colin McRae,Neste Rally Finland,2001,3,23.0
Tommi Mäkinen,Propecia Rally New Zealand,2001,8,24.0
Carlos Sainz,Propecia Rally New Zealand,2001,4,24.0
Colin McRae,Propecia Rally New Zealand,2001,2,24.0
Tommi Mäkinen,Rallye Sanremo - Rallye d'Italia,2001,DNF,25.0
Sébastien Loeb,Rallye Sanremo - Rallye d'Italia,2001,2,25.0
Colin McRae,Rallye Sanremo - Rallye d'Italia,2001,8,25.0
Carlos Sainz,Rallye Sanremo - Rallye d'Italia,2001,4,25.0
Tommi Mäkinen,Tour de Corse - Rallye de France,2001,DNF,26.0
Carlos Sainz,Tour de Corse - Rallye de France,2001,DNF,26.0
Colin McRae,Tour de Corse - Rallye de France,2001,1,26.0
Colin McRae,Telstra Rally Australia,2001,5,27.0
Tommi Mäkinen,Telstra Rally Australia,2001,6,27.0
Carlos Sainz,Telstra Rally Australia,2001,8,27.0
Carlos Sainz,Network Q Rally of Great Britain,2001,DNF,28.0
Tommi Mäkinen,Network Q Rally of Great Britain,2001,DNF,28.0
Colin McRae,Network Q Rally of Great Britain,2001,DNF,28.0
Colin McRae,Rallye Automobile Monte-Carlo,2002,4,29.0
Sébastien Loeb,Rallye Automobile Monte-Carlo,2002,2,29.0
Tommi Mäkinen,Rallye Automobile Monte-Carlo,2002,1,29.0
Carlos Sainz,Rallye Automobile Monte-Carlo,2002,3,29.0
Carlos Sainz,Uddeholm Swedish Rally,2002,3,30.0
Tommi Mäkinen,Uddeholm Swedish Rally,2002,DNF,30.0
Colin McRae,Uddeholm Swedish Rally,2002,6,30.0
Sébastien Loeb,Uddeholm Swedish Rally,2002,1,30.0
Colin McRae,Tour de Corse - Rallye de France,2002,DNF,31.0
Carlos Sainz,Tour de Corse - Rallye de France,2002,6,31.0
Tommi Mäkinen,Tour de Corse - Rallye de France,2002,DNF,31.0
Colin McRae,Rally Catalunya - Costa Brava - Rally de España,2002,6,32.0
Sébastien Loeb,Rally Catalunya - Costa Brava - Rally de España,2002,DNF,32.0
Tommi Mäkinen,Rally Catalunya - Costa Brava - Rally de España,2002,DNF,32.0
Carlos Sainz,Rally Catalunya - Costa Brava - Rally de España,2002,DNF,32.0
Tommi Mäkinen,Cyprus Rally,2002,3,33.0
Carlos Sainz,Cyprus Rally,2002,1,33.0
Colin McRae,Cyprus Rally,2002,6,33.0
Carlos Sainz,Rally Argentina,2002,1,34.0
Tommi Mäkinen,Rally Argentina,2002,DNF,34.0
Colin McRae,Rally Argentina,2002,3,34.0
Carlos Sainz,Acropolis Rally,2002,3,35.0
Tommi Mäkinen,Acropolis Rally,2002,DNF,35.0
Colin McRae,Acropolis Rally,2002,1,35.0
Sébastien Loeb,Acropolis Rally,2002,7,35.0
Carlos Sainz,Inmarsat Safari Rally,2002,DNF,36.0
Sébastien Loeb,Inmarsat Safari Rally,2002,5,36.0
Colin McRae,Inmarsat Safari Rally,2002,1,36.0
Tommi Mäkinen,Inmarsat Safari Rally,2002,DNF,36.0
Tommi Mäkinen,Neste Rally Finland,2002,6,37.0
Sébastien Loeb,Neste Rally Finland,2002,1,37.0
Colin McRae,Neste Rally Finland,2002,DNF,37.0
Mikko Hirvonen,Neste Rally Finland,2002,2,37.0
Carlos Sainz,Neste Rally Finland,2002,4,37.0
Tommi Mäkinen,ADAC Rallye Deutschland,2002,7,38.0
Colin McRae,ADAC Rallye Deutschland,2002,4,38.0
Sébastien Loeb,ADAC Rallye Deutschland,2002,1,38.0
Carlos Sainz,ADAC Rallye Deutschland,2002,8,38.0
Carlos Sainz,Rallye Sanremo - Rallye d'Italia,2002,DNF,39.0
Tommi Mäkinen,Rallye Sanremo - Rallye d'Italia,2002,DNF,39.0
Mikko Hirvonen,Rallye Sanremo - Rallye d'Italia,2002,DNF,39.0
Colin McRae,Rallye Sanremo - Rallye d'Italia,2002,8,39.0
Colin McRae,Propecia Rally New Zealand,2002,DNF,40.0
Tommi Mäkinen,Propecia Rally New Zealand,2002,3,40.0
Carlos Sainz,Propecia Rally New Zealand,2002,4,40.0
Sébastien Loeb,Telstra Rally Australia,2002,7,41.0
Colin McRae,Telstra Rally Australia,2002,DNF,41.0
Carlos Sainz,Telstra Rally Australia,2002,4,41.0
Tommi Mäkinen,Telstra Rally Australia,2002,DNF,41.0
Carlos Sainz,Network Q Rally of Great Britain,2002,3,42.0
Sébastien Loeb,Network Q Rally of Great Britain,2002,DNF,42.0
Tommi Mäkinen,Network Q Rally of Great Britain,2002,4,42.0
Mikko Hirvonen,Network Q Rally of Great Britain,2002,DNF,42.0
Colin McRae,Network Q Rally of Great Britain,2002,5,42.0
Colin McRae,Rallye Automobile Monte-Carlo,2003,2,43.0
Carlos Sainz,Rallye Automobile Monte-Carlo,2003,3,43.0
Tommi Mäkinen,Rallye Automobile Monte-Carlo,2003,DNF,43.0
Sébastien Loeb,Rallye Automobile Monte-Carlo,2003,1,43.0
Mikko Hirvonen,Rallye Automobile Monte-Carlo,2003,DNF,43.0
Sébastien Loeb,Uddeholm Swedish Rally,2003,7,44.0
Mikko Hirvonen,Uddeholm Swedish Rally,2003,1,44.0
Carlos Sainz,Uddeholm Swedish Rally,2003,9,44.0
Tommi Mäkinen,Uddeholm Swedish Rally,2003,2,44.0
Colin McRae,Uddeholm Swedish Rally,2003,5,44.0
Tommi Mäkinen,Rally of Turkey,2003,8,45.0
Carlos Sainz,Rally of Turkey,2003,1,45.0
Sébastien Loeb,Rally of Turkey,2003,DNF,45.0
Colin McRae,Rally of Turkey,2003,4,45.0
Mikko Hirvonen,Rally of Turkey,2003,DNF,45.0
Tommi Mäkinen,Propecia Rally New Zealand,2003,7,46.0
Sébastien Loeb,Propecia Rally New Zealand,2003,4,46.0
Carlos Sainz,Propecia Rally New Zealand,2003,1,46.0
Colin McRae,Propecia Rally New Zealand,2003,DNF,46.0
Mikko Hirvonen,Propecia Rally New Zealand,2003,1,46.0
Mikko Hirvonen,YPF Rally Argentina,2003,1,47.0
Tommi Mäkinen,YPF Rally Argentina,2003,DNF,47.0
Carlos Sainz,YPF Rally Argentina,2003,2,47.0
Sébastien Loeb,YPF Rally Argentina,2003,DNF,47.0
Colin McRae,YPF Rally Argentina,2003,DNF,47.0
Colin McRae,Golden Acropolis Rally,2003,8,48.0
Tommi Mäkinen,Golden Acropolis Rally,2003,5,48.0
Mikko Hirvonen,Golden Acropolis Rally,2003,DNF,48.0
Carlos Sainz,Golden Acropolis Rally,2003,2,48.0
Carlos Sainz,Cyprus Rally,2003,5,49.0
Colin McRae,Cyprus Rally,2003,4,49.0
Tommi Mäkinen,Cyprus Rally,2003,DNF,49.0
Mikko Hirvonen,Cyprus Rally,2003,6,49.0
Sébastien Loeb,Cyprus Rally,2003,3,49.0
Mikko Hirvonen,ADAC Rallye Deutschland,2003,1,50.0
Colin McRae,ADAC Rallye Deutschland,2003,4,50.0
Carlos Sainz,ADAC Rallye Deutschland,2003,6,50.0
Sébastien Loeb,ADAC Rallye Deutschland,2003,1,50.0
Tommi Mäkinen,ADAC Rallye Deutschland,2003,DNF,50.0
Mikko Hirvonen,Neste Rally Finland,2003,DNF,51.0
Colin McRae,Neste Rally Finland,2003,DNF,51.0
Sébastien Loeb,Neste Rally Finland,2003,5,51.0
Carlos Sainz,Neste Rally Finland,2003,4,51.0
Tommi Mäkinen,Neste Rally Finland,2003,6,51.0
Sébastien Loeb,Telstra Rally Australia,2003,2,52.0
Carlos Sainz,Telstra Rally Australia,2003,5,52.0
Colin McRae,Telstra Rally Australia,2003,4,52.0
Mikko Hirvonen,Telstra Rally Australia,2003,9,52.0
Tommi Mäkinen,Telstra Rally Australia,2003,6,52.0
Tommi Mäkinen,Rallye Sanremo - Rallye d'Italia,2003,1,53.0
Carlos Sainz,Rallye Sanremo - Rallye d'Italia,2003,4,53.0
Colin McRae,Rallye Sanremo - Rallye d'Italia,2003,6,53.0
Mikko Hirvonen,Rallye Sanremo - Rallye d'Italia,2003,DNF,53.0
Sébastien Loeb,Rallye Sanremo - Rallye d'Italia,2003,1,53.0
Colin McRae,Tour de Corse - Rallye de France,2003,5,54.0
Mikko Hirvonen,Tour de Corse - Rallye de France,2003,1,54.0
Carlos Sainz,Tour de Corse - Rallye de France,2003,2,54.0
Sébastien Loeb,Tour de Corse - Rallye de France,2003,1,54.0
Tommi Mäkinen,Tour de Corse - Rallye de France,2003,7,54.0
Mikko Hirvonen,Rally Catalunya - Costa Brava - Rally de España,2003,1,55.0
Carlos Sainz,Rally Catalunya - Costa Brava - Rally de España,2003,7,55.0
Tommi Mäkinen,Rally Catalunya - Costa Brava - Rally de España,2003,8,55.0
Sébastien Loeb,Rally Catalunya - Costa Brava - Rally de España,2003,2,55.0
Colin McRae,Rally Catalunya - Costa Brava - Rally de España,2003,9,55.0
Mikko Hirvonen,Wales Rally GB,2003,DNF,56.0
Tommi Mäkinen,Wales Rally GB,2003,3,56.0
Sébastien Loeb,Wales Rally GB,2003,2,56.0
Carlos Sainz,Wales Rally GB,2003,DNF,56.0
Colin McRae,Wales Rally GB,2003,4,56.0
Sébastien Loeb,Rallye Automobile Monte-Carlo,2004,1,57.0
Carlos Sainz,Rallye Automobile Monte-Carlo,2004,DNF,57.0
Mikko Hirvonen,Rallye Automobile Monte-Carlo,2004,DNF,57.0
Mikko Hirvonen,Uddeholm Swedish Rally,2004,9,58.0
Carlos Sainz,Uddeholm Swedish Rally,2004,5,58.0
Sébastien Loeb,Uddeholm Swedish Rally,2004,1,58.0
Sébastien Loeb,Corona Rally Mexico,2004,DNF,59.0
Carlos Sainz,Corona Rally Mexico,2004,3,59.0
Mikko Hirvonen,Corona Rally Mexico,2004,5,59.0
Carlos Sainz,Propecia Rally New Zealand,2004,6,60.0
Mikko Hirvonen,Propecia Rally New Zealand,2004,7,60.0
Sébastien Loeb,Propecia Rally New Zealand,2004,4,60.0
Mikko Hirvonen,Cyprus Rally,2004,5,61.0
Sébastien Loeb,Cyprus Rally,2004,1,61.0
Carlos Sainz,Cyprus Rally,2004,3,61.0
Carlos Sainz,Acropolis Rally of Greece,2004,1,62.0
Sébastien Loeb,Acropolis Rally of Greece,2004,2,62.0
Mikko Hirvonen,Acropolis Rally of Greece,2004,DNF,62.0
Sébastien Loeb,Rally of Turkey,2004,1,63.0
Mikko Hirvonen,Rally of Turkey,2004,6,63.0
Carlos Sainz,Rally of Turkey,2004,4,63.0
Sébastien Loeb,CTI Movil Rally Argentina,2004,2,64.0
Mikko Hirvonen,CTI Movil Rally Argentina,2004,4,64.0
Carlos Sainz,CTI Movil Rally Argentina,2004,1,64.0
Carlos Sainz,Neste Rally Finland,2004,3,65.0
Mikko Hirvonen,Neste Rally Finland,2004,DNF,65.0
Sébastien Loeb,Neste Rally Finland,2004,4,65.0
Sébastien Loeb,OMV ADAC Rallye Deutschland,2004,1,66.0
Carlos Sainz,OMV ADAC Rallye Deutschland,2004,3,66.0
Mikko Hirvonen,OMV ADAC Rallye Deutschland,2004,8,66.0
Mikko Hirvonen,Rally Japan,2004,7,67.0
Sébastien Loeb,Rally Japan,2004,2,67.0
Carlos Sainz,Rally Japan,2004,5,67.0
Mikko Hirvonen,Wales Rally GB,2004,7,68.0
Sébastien Loeb,Wales Rally GB,2004,2,68.0
Carlos Sainz,Wales Rally GB,2004,4,68.0
Sébastien Loeb,Supermag Rally Italia Sardinia,2004,2,69.0
Mikko Hirvonen,Supermag Rally Italia Sardinia,2004,DNF,69.0
Carlos Sainz,Supermag Rally Italia Sardinia,2004,3,69.0
Sébastien Loeb,Tour de Corse - Rallye de France,2004,2,70.0
Mikko Hirvonen,Tour de Corse - Rallye de France,2004,1,70.0
Carlos Sainz,Tour de Corse - Rallye de France,2004,3,70.0
Carlos Sainz,Rally Catalunya - Costa Brava - Rally de España,2004,3,71.0
Sébastien Loeb,Rally Catalunya - Costa Brava - Rally de España,2004,DNF,71.0
Mikko Hirvonen,Rally Catalunya - Costa Brava - Rally de España,2004,8,71.0
Mikko Hirvonen,Telstra Rally Australia,2004,4,72.0
Sébastien Loeb,Telstra Rally Australia,2004,1,72.0
Sébastien Loeb,Rallye Automobile Monte-Carlo,2005,1,73.0
Mikko Hirvonen,Uddeholm Swedish Rally,2005,DNF,74.0
Sébastien Loeb,Uddeholm Swedish Rally,2005,DNF,74.0
Sébastien Loeb,Corona Rally Mexico,2005,4,75.0
Sébastien Loeb,Propecia Rally New Zealand,2005,1,76.0
Sébastien Loeb,Supermag Rally Italia Sardinia,2005,1,77.0
Mikko Hirvonen,Supermag Rally Italia Sardinia,2005,DNF,77.0
Sébastien Loeb,Cyprus Rally,2005,1,78.0
Carlos Sainz,Rally of Turkey,2005,4,79.0
Sébastien Loeb,Rally of Turkey,2005,1,79.0
Carlos Sainz,Acropolis Rally of Greece,2005,3,80.0
Sébastien Loeb,Acropolis Rally of Greece,2005,1,80.0
Mikko Hirvonen,Acropolis Rally of Greece,2005,5,80.0
Sébastien Loeb,Rally Argentina,2005,1,81.0
Mikko Hirvonen,Neste Rally Finland,2005,5,82.0
Sébastien Loeb,Neste Rally Finland,2005,2,82.0
Sébastien Loeb,OMV ADAC Rallye Deutschland,2005,1,83.0
Colin McRae,Wales Rally GB,2005,7,84.0
Sébastien Loeb,Wales Rally GB,2005,3,84.0
Mikko Hirvonen,Rally Japan,2005,DNF,85.0
Sébastien Loeb,Rally Japan,2005,2,85.0
Sébastien Loeb,Tour de Corse - Rallye de France,2005,1,86.0
Sébastien Loeb,RallyRACC Catalunya - Costa Daurada,2005,1,87.0
Mikko Hirvonen,RallyRACC Catalunya - Costa Daurada,2005,3,87.0
Colin McRae,Telstra Rally Australia,2005,DNF,88.0
Sébastien Loeb,Telstra Rally Australia,2005,DNF,88.0
Sébastien Loeb,Rallye Automobile Monte-Carlo,2006,2,89.0
Mikko Hirvonen,Rallye Automobile Monte-Carlo,2006,7,89.0
Sébastien Loeb,Uddeholm Swedish Rally,2006,2,90.0
Mikko Hirvonen,Uddeholm Swedish Rally,2006,1,90.0
Sébastien Loeb,Corona Rally Mexico,2006,1,91.0
Mikko Hirvonen,Corona Rally Mexico,2006,1,91.0
Sébastien Loeb,RallyRACC Catalunya - Costa Daurada,2006,1,92.0
Mikko Hirvonen,RallyRACC Catalunya - Costa Daurada,2006,9,92.0
Sébastien Loeb,Tour de Corse - Rallye de France,2006,1,93.0
Mikko Hirvonen,Tour de Corse - Rallye de France,2006,4,93.0
Sébastien Loeb,Rally Argentina,2006,1,94.0
Mikko Hirvonen,Rally Argentina,2006,DNF,94.0
Sébastien Loeb,Rally d'Italia Sardegna,2006,1,95.0
Mikko Hirvonen,Rally d'Italia Sardegna,2006,2,95.0
Mikko Hirvonen,BP Ultimate Acropolis Rally of Greece,2006,3,96.0
Sébastien Loeb,BP Ultimate Acropolis Rally of Greece,2006,2,96.0
Mikko Hirvonen,OMV ADAC Rallye Deutschland,2006,9,97.0
Sébastien Loeb,OMV ADAC Rallye Deutschland,2006,1,97.0
Mikko Hirvonen,Neste Rally Finland,2006,3,98.0
Sébastien Loeb,Neste Rally Finland,2006,2,98.0
Sébastien Loeb,Rally Japan,2006,1,99.0
Mikko Hirvonen,Rally Japan,2006,3,99.0
Mikko Hirvonen,Cyprus Rally,2006,3,100.0
Sébastien Loeb,Cyprus Rally,2006,1,100.0
Colin McRae,Rally of Turkey,2006,DNF,101.0
Mikko Hirvonen,Rally of Turkey,2006,2,101.0
Mikko Hirvonen,Telstra Rally Australia,2006,1,102.0
Mikko Hirvonen,Propecia Rally New Zealand,2006,2,103.0
Mikko Hirvonen,Wales Rally GB,2006,DNF,104.0
Mikko Hirvonen,Rallye Automobile Monte-Carlo,2007,5,105.0
Sébastien Loeb,Rallye Automobile Monte-Carlo,2007,1,105.0
Mikko Hirvonen,Uddeholm Swedish Rally,2007,3,106.0
Sébastien Loeb,Uddeholm Swedish Rally,2007,2,106.0
Mikko Hirvonen,Rally Norway,2007,1,107.0
Sébastien Loeb,Rally Norway,2007,1,107.0
Mikko Hirvonen,Corona Rally Mexico,2007,3,108.0
Sébastien Loeb,Corona Rally Mexico,2007,1,108.0
Mikko Hirvonen,Vodafone Rally de Portugal,2007,5,109.0
Sébastien Loeb,Vodafone Rally de Portugal,2007,1,109.0
Mikko Hirvonen,Rally Argentina,2007,3,110.0
Sébastien Loeb,Rally Argentina,2007,1,110.0
Mikko Hirvonen,Rally d'Italia Sardegna,2007,2,111.0
Sébastien Loeb,Rally d'Italia Sardegna,2007,DNF,111.0
Sébastien Loeb,BP Ultimate Acropolis Rally of Greece,2007,2,112.0
Mikko Hirvonen,BP Ultimate Acropolis Rally of Greece,2007,4,112.0
Mikko Hirvonen,Neste Oil Rally Finland,2007,2,113.0
Sébastien Loeb,Neste Oil Rally Finland,2007,3,113.0
Sébastien Loeb,ADAC Rallye Deutschland,2007,1,114.0
Mikko Hirvonen,ADAC Rallye Deutschland,2007,3,114.0
Sébastien Loeb,Rally New Zealand,2007,2,115.0
Mikko Hirvonen,Rally New Zealand,2007,3,115.0
Sébastien Loeb,RallyRACC Catalunya - Costa Daurada,2007,1,116.0
Mikko Hirvonen,RallyRACC Catalunya - Costa Daurada,2007,4,116.0
Mikko Hirvonen,Tour de Corse - Rallye de France,2007,1,117.0
Sébastien Loeb,Tour de Corse - Rallye de France,2007,1,117.0
Sébastien Loeb,Rally Japan,2007,DNF,118.0
Mikko Hirvonen,Rally Japan,2007,1,118.0
Mikko Hirvonen,Rally Ireland,2007,4,119.0
Sébastien Loeb,Rally Ireland,2007,1,119.0
Sébastien Loeb,Wales Rally GB,2007,3,120.0
Mikko Hirvonen,Wales Rally GB,2007,1,120.0
Mikko Hirvonen,Rallye Automobile Monte-Carlo,2008,2,121.0
Sébastien Loeb,Rallye Automobile Monte-Carlo,2008,1,121.0
Mikko Hirvonen,Uddeholm Swedish Rally,2008,2,122.0
Sébastien Loeb,Uddeholm Swedish Rally,2008,DNF,122.0
Sébastien Loeb,Corona Rally Mexico,2008,1,123.0
Mikko Hirvonen,Corona Rally Mexico,2008,4,123.0
Sébastien Loeb,Rally Argentina,2008,1,124.0
Mikko Hirvonen,Rally Argentina,2008,5,124.0
Mikko Hirvonen,Jordan Rally,2008,1,125.0
Sébastien Loeb,Jordan Rally,2008,1,125.0
Mikko Hirvonen,Rally d'Italia Sardegna,2008,2,126.0
Sébastien Loeb,Rally d'Italia Sardegna,2008,1,126.0
Mikko Hirvonen,BP Ultimate Acropolis Rally of Greece,2008,3,127.0
Sébastien Loeb,BP Ultimate Acropolis Rally of Greece,2008,1,127.0
Mikko Hirvonen,Rally of Turkey,2008,1,128.0
Sébastien Loeb,Rally of Turkey,2008,3,128.0
Mikko Hirvonen,Neste Oil Rally Finland,2008,2,129.0
Sébastien Ogier,Neste Oil Rally Finland,2008,3,129.0
Sébastien Loeb,Neste Oil Rally Finland,2008,1,129.0
Mikko Hirvonen,ADAC Rallye Deutschland,2008,4,130.0
Sébastien Loeb,ADAC Rallye Deutschland,2008,1,130.0
Mikko Hirvonen,Repco Rally New Zealand,2008,3,131.0
Sébastien Loeb,Repco Rally New Zealand,2008,1,131.0
Mikko Hirvonen,RallyRACC Catalunya - Costa Daurada,2008,3,132.0
Sébastien Loeb,RallyRACC Catalunya - Costa Daurada,2008,1,132.0
Sébastien Loeb,Tour de Corse - Rallye de France,2008,1,133.0
Mikko Hirvonen,Tour de Corse - Rallye de France,2008,2,133.0
Sébastien Loeb,Pioneer Carrozzeria Rally Japan,2008,3,134.0
Mikko Hirvonen,Pioneer Carrozzeria Rally Japan,2008,1,134.0
Sébastien Loeb,Wales Rally GB,2008,1,135.0
Mikko Hirvonen,Wales Rally GB,2008,8,135.0
Sébastien Ogier,Wales Rally GB,2008,2,135.0
Sébastien Ogier,Rally Ireland,2009,6,136.0
Sébastien Loeb,Rally Ireland,2009,1,136.0
Mikko Hirvonen,Rally Ireland,2009,3,136.0
Sébastien Ogier,Rally Norway,2009,1,137.0
Sébastien Loeb,Rally Norway,2009,1,137.0
Mikko Hirvonen,Rally Norway,2009,2,137.0
Sébastien Ogier,FxPro Cyprus Rally,2009,DNF,138.0
Mikko Hirvonen,FxPro Cyprus Rally,2009,2,138.0
Sébastien Loeb,FxPro Cyprus Rally,2009,1,138.0
Mikko Hirvonen,Vodafone Rally de Portugal,2009,2,139.0
Ott Tänak,Vodafone Rally de Portugal,2009,2,139.0
Sébastien Loeb,Vodafone Rally de Portugal,2009,1,139.0
Sébastien Ogier,Vodafone Rally de Portugal,2009,1,139.0
Mikko Hirvonen,Rally Argentina,2009,DNF,140.0
Sébastien Ogier,Rally Argentina,2009,7,140.0
Sébastien Loeb,Rally Argentina,2009,1,140.0
Sébastien Loeb,Rally d'Italia Sardegna,2009,4,141.0
Mikko Hirvonen,Rally d'Italia Sardegna,2009,2,141.0
Sébastien Ogier,Rally d'Italia Sardegna,2009,DNF,141.0
Sébastien Loeb,Acropolis Rally of Greece,2009,DNF,142.0
Mikko Hirvonen,Acropolis Rally of Greece,2009,1,142.0
Sébastien Ogier,Acropolis Rally of Greece,2009,2,142.0
Mikko Hirvonen,Orlen Platinum Rally Poland - Rajd Polski,2009,1,143.0
Sébastien Loeb,Orlen Platinum Rally Poland - Rajd Polski,2009,7,143.0
Sébastien Ogier,Orlen Platinum Rally Poland - Rajd Polski,2009,DNF,143.0
Sébastien Ogier,Neste Oil Rally Finland,2009,6,144.0
Ott Tänak,Neste Oil Rally Finland,2009,DNF,144.0
Mikko Hirvonen,Neste Oil Rally Finland,2009,1,144.0
Sébastien Loeb,Neste Oil Rally Finland,2009,2,144.0
Sébastien Ogier,Repco Rally Australia,2009,5,145.0
Mikko Hirvonen,Repco Rally Australia,2009,1,145.0
Sébastien Loeb,Repco Rally Australia,2009,2,145.0
Sébastien Ogier,RallyRACC Catalunya - Costa Daurada,2009,5,146.0
Mikko Hirvonen,RallyRACC Catalunya - Costa Daurada,2009,3,146.0
Thierry Neuville,RallyRACC Catalunya - Costa Daurada,2009,DNF,146.0
Sébastien Loeb,RallyRACC Catalunya - Costa Daurada,2009,1,146.0
Sébastien Ogier,Rally of Great Britain,2009,DNF,147.0
Mikko Hirvonen,Rally of Great Britain,2009,2,147.0
Sébastien Loeb,Rally of Great Britain,2009,1,147.0
Mikko Hirvonen,Rally Sweden,2010,1,148.0
Sébastien Loeb,Rally Sweden,2010,2,148.0
Ott Tänak,Rally Sweden,2010,DNF,148.0
Sébastien Ogier,Rally Sweden,2010,5,148.0
Sébastien Ogier,Rally Mexico,2010,3,149.0
Sébastien Loeb,Rally Mexico,2010,1,149.0
Mikko Hirvonen,Rally Mexico,2010,4,149.0
Mikko Hirvonen,Jordan Rally WRC,2010,2,150.0
Sébastien Ogier,Jordan Rally WRC,2010,6,150.0
Sébastien Loeb,Jordan Rally WRC,2010,1,150.0
Sébastien Loeb,Rally of Turkey,2010,1,151.0
Ott Tänak,Rally of Turkey,2010,DNF,151.0
Sébastien Ogier,Rally of Turkey,2010,4,151.0
Mikko Hirvonen,Rally of Turkey,2010,3,151.0
Sébastien Loeb,Rally  New Zealand,2010,3,152.0
Sébastien Ogier,Rally  New Zealand,2010,2,152.0
Mikko Hirvonen,Rally  New Zealand,2010,4,152.0
Sébastien Loeb,Vodafone Rally de Portugal,2010,2,153.0
Ott Tänak,Vodafone Rally de Portugal,2010,DNF,153.0
Sébastien Ogier,Vodafone Rally de Portugal,2010,1,153.0
Mikko Hirvonen,Vodafone Rally de Portugal,2010,4,153.0
Sébastien Ogier,Rally Bulgaria,2010,4,154.0
Mikko Hirvonen,Rally Bulgaria,2010,5,154.0
Sébastien Loeb,Rally Bulgaria,2010,1,154.0
Mikko Hirvonen,Neste Oil Rally Finland,2010,DNF,155.0
Sébastien Loeb,Neste Oil Rally Finland,2010,3,155.0
Sébastien Ogier,Neste Oil Rally Finland,2010,2,155.0
Sébastien Ogier,ADAC Rallye Deutschland,2010,3,156.0
Mikko Hirvonen,ADAC Rallye Deutschland,2010,DNF,156.0
Sébastien Loeb,ADAC Rallye Deutschland,2010,1,156.0
Mikko Hirvonen,Rally Japan,2010,6,157.0
Sébastien Loeb,Rally Japan,2010,5,157.0
Sébastien Ogier,Rally Japan,2010,1,157.0
Sébastien Loeb,Rallye de France - Alsace,2010,1,158.0
Mikko Hirvonen,Rallye de France - Alsace,2010,5,158.0
Sébastien Ogier,Rallye de France - Alsace,2010,6,158.0
Sébastien Loeb,RallyRACC Catalunya - Costa Daurada,2010,1,159.0
Sébastien Ogier,RallyRACC Catalunya - Costa Daurada,2010,1,159.0
Mikko Hirvonen,RallyRACC Catalunya - Costa Daurada,2010,5,159.0
Sébastien Ogier,Wales Rally GB,2010,DNF,160.0
Mikko Hirvonen,Wales Rally GB,2010,4,160.0
Sébastien Loeb,Wales Rally GB,2010,1,160.0
Sébastien Ogier,Rally Sweden,2011,4,161.0
Sébastien Loeb,Rally Sweden,2011,6,161.0
Mikko Hirvonen,Rally Sweden,2011,1,161.0
Sébastien Ogier,Rally Guanajuato Mexico,2011,DNF,162.0
Sébastien Loeb,Rally Guanajuato Mexico,2011,1,162.0
Mikko Hirvonen,Rally Guanajuato Mexico,2011,2,162.0
Sébastien Ogier,Vodafone Rally de Portugal,2011,1,163.0
Sébastien Loeb,Vodafone Rally de Portugal,2011,2,163.0
Mikko Hirvonen,Vodafone Rally de Portugal,2011,4,163.0
Mikko Hirvonen,Jordan Rally WRC,2011,4,164.0
Sébastien Loeb,Jordan Rally WRC,2011,3,164.0
Sébastien Ogier,Jordan Rally WRC,2011,1,164.0
Sébastien Ogier,Rally d'Italia Sardegna,2011,4,165.0
Sébastien Loeb,Rally d'Italia Sardegna,2011,1,165.0
Mikko Hirvonen,Rally d'Italia Sardegna,2011,2,165.0
Mikko Hirvonen,Rally Argentina,2011,2,166.0
Sébastien Loeb,Rally Argentina,2011,1,166.0
Sébastien Ogier,Rally Argentina,2011,3,166.0
Mikko Hirvonen,Acropolis Rally,2011,3,167.0
Sébastien Ogier,Acropolis Rally,2011,1,167.0
Sébastien Loeb,Acropolis Rally,2011,2,167.0
Mikko Hirvonen,Neste Oil Rally Finland,2011,4,168.0
Elfyn Evans,Neste Oil Rally Finland,2011,DNF,168.0
Sébastien Ogier,Neste Oil Rally Finland,2011,3,168.0
Sébastien Loeb,Neste Oil Rally Finland,2011,1,168.0
Sébastien Loeb,ADAC Rallye Deutschland,2011,2,169.0
Mikko Hirvonen,ADAC Rallye Deutschland,2011,4,169.0
Sébastien Ogier,ADAC Rallye Deutschland,2011,1,169.0
Sébastien Loeb,Repco Rally Australia,2011,1,170.0
Mikko Hirvonen,Repco Rally Australia,2011,1,170.0
Sébastien Ogier,Repco Rally Australia,2011,1,170.0
Mikko Hirvonen,Rallye de France - Alsace,2011,3,171.0
Sébastien Loeb,Rallye de France - Alsace,2011,DNF,171.0
Elfyn Evans,Rallye de France - Alsace,2011,1,171.0
Sébastien Ogier,Rallye de France - Alsace,2011,1,171.0
Sébastien Ogier,RallyRACC Catalunya - Costa Daurada,2011,DNF,172.0
Sébastien Loeb,RallyRACC Catalunya - Costa Daurada,2011,1,172.0
Mikko Hirvonen,RallyRACC Catalunya - Costa Daurada,2011,2,172.0
Ott Tänak,Wales Rally GB,2011,6,173.0
Mikko Hirvonen,Wales Rally GB,2011,DNF,173.0
Sébastien Ogier,Wales Rally GB,2011,1,173.0
Sébastien Loeb,Wales Rally GB,2011,DNF,173.0
Elfyn Evans,Wales Rally GB,2011,DNF,173.0
Mikko Hirvonen,Rallye Automobile Monte-Carlo,2012,4,174.0
Sébastien Ogier,Rallye Automobile Monte-Carlo,2012,DNF,174.0
Thierry Neuville,Rallye Automobile Monte-Carlo,2012,DNF,174.0
Sébastien Loeb,Rallye Automobile Monte-Carlo,2012,1,174.0
Ott Tänak,Rallye Automobile Monte-Carlo,2012,8,174.0
Mikko Hirvonen,Rally Sweden,2012,2,175.0
Sébastien Ogier,Rally Sweden,2012,1,175.0
Thierry Neuville,Rally Sweden,2012,1,175.0
Sébastien Loeb,Rally Sweden,2012,6,175.0
Ott Tänak,Rally Sweden,2012,DNF,175.0
Sébastien Ogier,Rally Guanajuato Mexico,2012,8,176.0
Thierry Neuville,Rally Guanajuato Mexico,2012,1,176.0
Sébastien Loeb,Rally Guanajuato Mexico,2012,1,176.0
Ott Tänak,Rally Guanajuato Mexico,2012,5,176.0
Mikko Hirvonen,Rally Guanajuato Mexico,2012,2,176.0
Ott Tänak,Vodafone Rally de Portugal,2012,1,177.0
Mikko Hirvonen,Vodafone Rally de Portugal,2012,DNF,177.0
Sébastien Ogier,Vodafone Rally de Portugal,2012,7,177.0
Sébastien Loeb,Vodafone Rally de Portugal,2012,DNF,177.0
Thierry Neuville,Vodafone Rally de Portugal,2012,8,177.0
Sébastien Ogier,Philips Rally Argentina,2012,7,178.0
Sébastien Loeb,Philips Rally Argentina,2012,1,178.0
Ott Tänak,Philips Rally Argentina,2012,1,178.0
Mikko Hirvonen,Philips Rally Argentina,2012,2,178.0
Thierry Neuville,Philips Rally Argentina,2012,5,178.0
Mikko Hirvonen,Acropolis Rally,2012,2,179.0
Ott Tänak,Acropolis Rally,2012,9,179.0
Sébastien Ogier,Acropolis Rally,2012,7,179.0
Thierry Neuville,Acropolis Rally,2012,6,179.0
Sébastien Loeb,Acropolis Rally,2012,1,179.0
Ott Tänak,Brother Rally New Zealand,2012,DNF,180.0
Thierry Neuville,Brother Rally New Zealand,2012,5,180.0
Mikko Hirvonen,Brother Rally New Zealand,2012,2,180.0
Sébastien Loeb,Brother Rally New Zealand,2012,1,180.0
Thierry Neuville,Neste Oil Rally Finland,2012,1,181.0
Sébastien Ogier,Neste Oil Rally Finland,2012,1,181.0
Ott Tänak,Neste Oil Rally Finland,2012,6,181.0
Mikko Hirvonen,Neste Oil Rally Finland,2012,2,181.0
Sébastien Loeb,Neste Oil Rally Finland,2012,1,181.0
Sébastien Ogier,ADAC Rallye Deutschland,2012,6,182.0
Ott Tänak,ADAC Rallye Deutschland,2012,DNF,182.0
Mikko Hirvonen,ADAC Rallye Deutschland,2012,3,182.0
Thierry Neuville,ADAC Rallye Deutschland,2012,1,182.0
Sébastien Loeb,ADAC Rallye Deutschland,2012,1,182.0
Ott Tänak,Wales Rally GB,2012,DNF,183.0
Mikko Hirvonen,Wales Rally GB,2012,5,183.0
Sébastien Loeb,Wales Rally GB,2012,2,183.0
Sébastien Ogier,Wales Rally GB,2012,1,183.0
Thierry Neuville,Wales Rally GB,2012,7,183.0
Sébastien Ogier,Rallye de France - Alsace,2012,1,184.0
Sébastien Loeb,Rallye de France - Alsace,2012,1,184.0
Ott Tänak,Rallye de France - Alsace,2012,6,184.0
Thierry Neuville,Rallye de France - Alsace,2012,4,184.0
Mikko Hirvonen,Rallye de France - Alsace,2012,3,184.0
Sébastien Loeb,Rally Italia Sardegna,2012,DNF,185.0
Mikko Hirvonen,Rally Italia Sardegna,2012,1,185.0
Ott Tänak,Rally Italia Sardegna,2012,3,185.0
Thierry Neuville,Rally Italia Sardegna,2012,1,185.0
Sébastien Ogier,Rally Italia Sardegna,2012,5,185.0
Thierry Neuville,RallyRACC Catalunya - Costa Daurada,2012,1,186.0
Sébastien Ogier,RallyRACC Catalunya - Costa Daurada,2012,DNF,186.0
Mikko Hirvonen,RallyRACC Catalunya - Costa Daurada,2012,3,186.0
Sébastien Loeb,RallyRACC Catalunya - Costa Daurada,2012,1,186.0
Ott Tänak,RallyRACC Catalunya - Costa Daurada,2012,DNF,186.0
Sébastien Loeb,Rallye Automobile Monte-Carlo,2013,1,187.0
Thierry Neuville,Rallye Automobile Monte-Carlo,2013,DNF,187.0
Sébastien Ogier,Rallye Automobile Monte-Carlo,2013,2,187.0
Mikko Hirvonen,Rallye Automobile Monte-Carlo,2013,4,187.0
Thierry Neuville,Rally Sweden,2013,5,188.0
Sébastien Loeb,Rally Sweden,2013,2,188.0
Sébastien Ogier,Rally Sweden,2013,1,188.0
Mikko Hirvonen,Rally Sweden,2013,1,188.0
Mikko Hirvonen,Rally Guanajuato Mexico,2013,2,189.0
Thierry Neuville,Rally Guanajuato Mexico,2013,3,189.0
Sébastien Ogier,Rally Guanajuato Mexico,2013,1,189.0
Mikko Hirvonen,Vodafone Rally de Portugal,2013,2,190.0
Thierry Neuville,Vodafone Rally de Portugal,2013,1,190.0
Sébastien Ogier,Vodafone Rally de Portugal,2013,1,190.0
Thierry Neuville,Philips LED Rally Argentina,2013,5,191.0
Sébastien Loeb,Philips LED Rally Argentina,2013,1,191.0
Sébastien Ogier,Philips LED Rally Argentina,2013,2,191.0
Mikko Hirvonen,Philips LED Rally Argentina,2013,6,191.0
Mikko Hirvonen,Acropolis Rally,2013,8,192.0
Thierry Neuville,Acropolis Rally,2013,3,192.0
Sébastien Ogier,Acropolis Rally,2013,1,192.0
Sébastien Ogier,Rally Italia Sardegna,2013,1,193.0
Elfyn Evans,Rally Italia Sardegna,2013,6,193.0
Thierry Neuville,Rally Italia Sardegna,2013,2,193.0
Mikko Hirvonen,Rally Italia Sardegna,2013,DNF,193.0
Mikko Hirvonen,Neste Oil Rally Finland,2013,4,194.0
Sébastien Ogier,Neste Oil Rally Finland,2013,1,194.0
Thierry Neuville,Neste Oil Rally Finland,2013,2,194.0
Sébastien Ogier,ADAC Rallye Deutschland,2013,1,195.0
Thierry Neuville,ADAC Rallye Deutschland,2013,2,195.0
Mikko Hirvonen,ADAC Rallye Deutschland,2013,3,195.0
Mikko Hirvonen,Coates Hire Rally Australia,2013,3,196.0
Sébastien Ogier,Coates Hire Rally Australia,2013,1,196.0
Thierry Neuville,Coates Hire Rally Australia,2013,2,196.0
Mikko Hirvonen,Rallye de France - Alsace,2013,6,197.0
Sébastien Loeb,Rallye de France - Alsace,2013,DNF,197.0
Thierry Neuville,Rallye de France - Alsace,2013,4,197.0
Sébastien Ogier,Rallye de France - Alsace,2013,1,197.0
Mikko Hirvonen,RallyRACC Catalunya - Costa Daurada,2013,3,198.0
Thierry Neuville,RallyRACC Catalunya - Costa Daurada,2013,4,198.0
Sébastien Ogier,RallyRACC Catalunya - Costa Daurada,2013,1,198.0
Thierry Neuville,Wales Rally GB,2013,3,199.0
Sébastien Ogier,Wales Rally GB,2013,1,199.0
Mikko Hirvonen,Wales Rally GB,2013,DNF,199.0
Elfyn Evans,Rallye Automobile Monte-Carlo,2014,6,200.0
Sébastien Ogier,Rallye Automobile Monte-Carlo,2014,1,200.0
Mikko Hirvonen,Rallye Automobile Monte-Carlo,2014,DNF,200.0
Elfyn Evans,Rally Sweden,2014,DNF,201.0
Sébastien Ogier,Rally Sweden,2014,6,201.0
Thierry Neuville,Rally Sweden,2014,2,201.0
Mikko Hirvonen,Rally Sweden,2014,4,201.0
Ott Tänak,Rally Sweden,2014,5,201.0
Elfyn Evans,Rally Guanajuato Mexico,2014,4,202.0
Mikko Hirvonen,Rally Guanajuato Mexico,2014,8,202.0
Sébastien Ogier,Rally Guanajuato Mexico,2014,1,202.0
Thierry Neuville,Rally Guanajuato Mexico,2014,3,202.0
Elfyn Evans,Vodafone Rally de Portugal,2014,2,203.0
Thierry Neuville,Vodafone Rally de Portugal,2014,7,203.0
Ott Tänak,Vodafone Rally de Portugal,2014,DNF,203.0
Mikko Hirvonen,Vodafone Rally de Portugal,2014,2,203.0
Sébastien Ogier,Vodafone Rally de Portugal,2014,1,203.0
Mikko Hirvonen,XION Rally Argentina,2014,9,204.0
Thierry Neuville,XION Rally Argentina,2014,5,204.0
Elfyn Evans,XION Rally Argentina,2014,7,204.0
Sébastien Ogier,XION Rally Argentina,2014,2,204.0
Elfyn Evans,Rally Italia Sardegna,2014,5,205.0
Mikko Hirvonen,Rally Italia Sardegna,2014,DNF,205.0
Sébastien Ogier,Rally Italia Sardegna,2014,1,205.0
Thierry Neuville,Rally Italia Sardegna,2014,1,205.0
Elfyn Evans,Lotos Rally Poland - Rajd Polski,2014,3,206.0
Sébastien Ogier,Lotos Rally Poland - Rajd Polski,2014,1,206.0
Thierry Neuville,Lotos Rally Poland - Rajd Polski,2014,3,206.0
Mikko Hirvonen,Lotos Rally Poland - Rajd Polski,2014,4,206.0
Elfyn Evans,Neste Oil Rally Finland,2014,7,207.0
Mikko Hirvonen,Neste Oil Rally Finland,2014,5,207.0
Thierry Neuville,Neste Oil Rally Finland,2014,DNF,207.0
Sébastien Ogier,Neste Oil Rally Finland,2014,2,207.0
Mikko Hirvonen,ADAC Rallye Deutschland,2014,5,208.0
Elfyn Evans,ADAC Rallye Deutschland,2014,4,208.0
Sébastien Ogier,ADAC Rallye Deutschland,2014,DNF,208.0
Thierry Neuville,ADAC Rallye Deutschland,2014,1,208.0
Mikko Hirvonen,Coates Hire Rally Australia,2014,5,209.0
Elfyn Evans,Coates Hire Rally Australia,2014,8,209.0
Sébastien Ogier,Coates Hire Rally Australia,2014,1,209.0
Thierry Neuville,Coates Hire Rally Australia,2014,7,209.0
Mikko Hirvonen,Rallye de France - Alsace,2014,5,210.0
Elfyn Evans,Rallye de France - Alsace,2014,6,210.0
Sébastien Ogier,Rallye de France - Alsace,2014,1,210.0
Thierry Neuville,Rallye de France - Alsace,2014,8,210.0
Elfyn Evans,RallyRACC Catalunya - Costa Daurada,2014,1,211.0
Sébastien Ogier,RallyRACC Catalunya - Costa Daurada,2014,1,211.0
Mikko Hirvonen,RallyRACC Catalunya - Costa Daurada,2014,3,211.0
Thierry Neuville,RallyRACC Catalunya - Costa Daurada,2014,6,211.0
Mikko Hirvonen,Wales Rally GB,2014,2,212.0
Elfyn Evans,Wales Rally GB,2014,5,212.0
Ott Tänak,Wales Rally GB,2014,7,212.0
Sébastien Ogier,Wales Rally GB,2014,1,212.0
Thierry Neuville,Wales Rally GB,2014,4,212.0
Elfyn Evans,Rallye Automobile Monte-Carlo,2015,7,213.0
Ott Tänak,Rallye Automobile Monte-Carlo,2015,1,213.0
Sébastien Ogier,Rallye Automobile Monte-Carlo,2015,1,213.0
Sébastien Loeb,Rallye Automobile Monte-Carlo,2015,8,213.0
Thierry Neuville,Rallye Automobile Monte-Carlo,2015,5,213.0
Sébastien Ogier,Rally Sweden,2015,1,214.0
Thierry Neuville,Rally Sweden,2015,2,214.0
Ott Tänak,Rally Sweden,2015,4,214.0
Elfyn Evans,Rally Sweden,2015,6,214.0
Thierry Neuville,Rally Guanajuato Mexico,2015,8,215.0
Ott Tänak,Rally Guanajuato Mexico,2015,2,215.0
Elfyn Evans,Rally Guanajuato Mexico,2015,4,215.0
Sébastien Ogier,Rally Guanajuato Mexico,2015,1,215.0
Thierry Neuville,XION Rally Argentina,2015,DNF,216.0
Ott Tänak,XION Rally Argentina,2015,1,216.0
Elfyn Evans,XION Rally Argentina,2015,3,216.0
Sébastien Ogier,XION Rally Argentina,2015,1,216.0
Thierry Neuville,Vodafone Rally de Portugal,2015,3,217.0
Elfyn Evans,Vodafone Rally de Portugal,2015,6,217.0
Sébastien Ogier,Vodafone Rally de Portugal,2015,2,217.0
Ott Tänak,Vodafone Rally de Portugal,2015,5,217.0
Elfyn Evans,Rally Italia Sardegna,2015,4,218.0
Sébastien Ogier,Rally Italia Sardegna,2015,1,218.0
Ott Tänak,Rally Italia Sardegna,2015,1,218.0
Thierry Neuville,Rally Italia Sardegna,2015,3,218.0
Thierry Neuville,Lotos Rally Poland - Rajd Polski,2015,6,219.0
Ott Tänak,Lotos Rally Poland - Rajd Polski,2015,3,219.0
Sébastien Ogier,Lotos Rally Poland - Rajd Polski,2015,1,219.0
Elfyn Evans,Lotos Rally Poland - Rajd Polski,2015,DNF,219.0
Ott Tänak,Neste Oil Rally Finland,2015,5,220.0
Sébastien Ogier,Neste Oil Rally Finland,2015,2,220.0
Elfyn Evans,Neste Oil Rally Finland,2015,1,220.0
Thierry Neuville,Neste Oil Rally Finland,2015,4,220.0
Sébastien Ogier,ADAC Rallye Deutschland,2015,1,221.0
Elfyn Evans,ADAC Rallye Deutschland,2015,6,221.0
Ott Tänak,ADAC Rallye Deutschland,2015,8,221.0
Thierry Neuville,ADAC Rallye Deutschland,2015,5,221.0
Sébastien Ogier,Coates Hire Rally Australia,2015,1,222.0
Ott Tänak,Coates Hire Rally Australia,2015,6,222.0
Elfyn Evans,Coates Hire Rally Australia,2015,9,222.0
Thierry Neuville,Coates Hire Rally Australia,2015,7,222.0
Elfyn Evans,Tour de Corse,2015,2,223.0
Thierry Neuville,Tour de Corse,2015,2,223.0
Sébastien Ogier,Tour de Corse,2015,1,223.0
Ott Tänak,Tour de Corse,2015,1,223.0
Elfyn Evans,RallyRACC Catalunya - Costa Daurada,2015,3,224.0
Sébastien Ogier,RallyRACC Catalunya - Costa Daurada,2015,DNF,224.0
Thierry Neuville,RallyRACC Catalunya - Costa Daurada,2015,8,224.0
Ott Tänak,RallyRACC Catalunya - Costa Daurada,2015,4,224.0
Sébastien Ogier,Wales Rally GB,2015,1,225.0
Thierry Neuville,Wales Rally GB,2015,DNF,225.0
Ott Tänak,Wales Rally GB,2015,DNF,225.0
Elfyn Evans,Wales Rally GB,2015,6,225.0
Ott Tänak,Rallye Automobile Monte-Carlo,2016,7,226.0
Sébastien Ogier,Rallye Automobile Monte-Carlo,2016,1,226.0
Thierry Neuville,Rallye Automobile Monte-Carlo,2016,3,226.0
Ott Tänak,Rally Sweden,2016,5,227.0
Sébastien Ogier,Rally Sweden,2016,1,227.0
Thierry Neuville,Rally Sweden,2016,1,227.0
Ott Tänak,Rally Guanajuato Mexico,2016,6,228.0
Sébastien Ogier,Rally Guanajuato Mexico,2016,2,228.0
Thierry Neuville,Rally Guanajuato Mexico,2016,DNF,228.0
Sébastien Ogier,YPF Rally Argentina,2016,2,229.0
Thierry Neuville,YPF Rally Argentina,2016,6,229.0
Ott Tänak,YPF Rally Argentina,2016,1,229.0
Sébastien Ogier,Vodafone Rally de Portugal,2016,3,230.0
Thierry Neuville,Vodafone Rally de Portugal,2016,2,230.0
Ott Tänak,Vodafone Rally de Portugal,2016,DNF,230.0
Thierry Neuville,Rally Italia Sardegna,2016,1,231.0
Sébastien Ogier,Rally Italia Sardegna,2016,3,231.0
Ott Tänak,Rally Italia Sardegna,2016,5,231.0
Sébastien Ogier,PZM Rajd Polski - Rally Poland,2016,6,232.0
Ott Tänak,PZM Rajd Polski - Rally Poland,2016,2,232.0
Thierry Neuville,PZM Rajd Polski - Rally Poland,2016,4,232.0
Thierry Neuville,Neste Rally Finland,2016,4,233.0
Sébastien Ogier,Neste Rally Finland,2016,2,233.0
Ott Tänak,Neste Rally Finland,2016,DNF,233.0
Sébastien Ogier,ADAC Rallye Deutschland,2016,1,234.0
Ott Tänak,ADAC Rallye Deutschland,2016,2,234.0
Thierry Neuville,ADAC Rallye Deutschland,2016,3,234.0
Sébastien Ogier,Che Guevara Energy Drink Tour de Corse,2016,1,235.0
Ott Tänak,Che Guevara Energy Drink Tour de Corse,2016,1,235.0
Thierry Neuville,Che Guevara Energy Drink Tour de Corse,2016,2,235.0
Thierry Neuville,RallyRACC Catalunya - Costa Daurada,2016,3,236.0
Sébastien Ogier,RallyRACC Catalunya - Costa Daurada,2016,1,236.0
Ott Tänak,RallyRACC Catalunya - Costa Daurada,2016,6,236.0
Thierry Neuville,Dayinsure Wales Rally GB,2016,3,237.0
Sébastien Ogier,Dayinsure Wales Rally GB,2016,1,237.0
Ott Tänak,Dayinsure Wales Rally GB,2016,2,237.0
Sébastien Ogier,Kennards Hire Rally Australia,2016,2,238.0
Ott Tänak,Kennards Hire Rally Australia,2016,7,238.0
Thierry Neuville,Kennards Hire Rally Australia,2016,3,238.0
Thierry Neuville,Rallye Automobile Monte-Carlo,2017,1,239.0
Elfyn Evans,Rallye Automobile Monte-Carlo,2017,6,239.0
Sébastien Ogier,Rallye Automobile Monte-Carlo,2017,1,239.0
Ott Tänak,Rallye Automobile Monte-Carlo,2017,3,239.0
Ott Tänak,Rally Sweden,2017,2,240.0
Elfyn Evans,Rally Sweden,2017,6,240.0
Sébastien Ogier,Rally Sweden,2017,3,240.0
Thierry Neuville,Rally Sweden,2017,1,240.0
Elfyn Evans,Rally Guanajuato Mexico,2017,9,241.0
Ott Tänak,Rally Guanajuato Mexico,2017,4,241.0
Sébastien Ogier,Rally Guanajuato Mexico,2017,2,241.0
Thierry Neuville,Rally Guanajuato Mexico,2017,3,241.0
Elfyn Evans,Che Guevara Energy Drink Tour de Corse,2017,2,242.0
Ott Tänak,Che Guevara Energy Drink Tour de Corse,2017,1,242.0
Sébastien Ogier,Che Guevara Energy Drink Tour de Corse,2017,2,242.0
Thierry Neuville,Che Guevara Energy Drink Tour de Corse,2017,1,242.0
Elfyn Evans,YPF Rally Argentina,2017,2,243.0
Ott Tänak,YPF Rally Argentina,2017,3,243.0
Sébastien Ogier,YPF Rally Argentina,2017,4,243.0
Thierry Neuville,YPF Rally Argentina,2017,1,243.0
Ott Tänak,Vodafone Rally de Portugal,2017,4,244.0
Sébastien Ogier,Vodafone Rally de Portugal,2017,1,244.0
Thierry Neuville,Vodafone Rally de Portugal,2017,2,244.0
Elfyn Evans,Vodafone Rally de Portugal,2017,6,244.0
Ott Tänak,Rally Italia Sardegna,2017,1,245.0
Elfyn Evans,Rally Italia Sardegna,2017,DNF,245.0
Sébastien Ogier,Rally Italia Sardegna,2017,5,245.0
Thierry Neuville,Rally Italia Sardegna,2017,3,245.0
Ott Tänak,ORLEN Rally Poland,2017,DNF,246.0
Thierry Neuville,ORLEN Rally Poland,2017,1,246.0
Sébastien Ogier,ORLEN Rally Poland,2017,3,246.0
Elfyn Evans,ORLEN Rally Poland,2017,8,246.0
Ott Tänak,Neste Rally Finland,2017,7,247.0
Thierry Neuville,Neste Rally Finland,2017,6,247.0
Sébastien Ogier,Neste Rally Finland,2017,DNF,247.0
Elfyn Evans,Neste Rally Finland,2017,2,247.0
Elfyn Evans,ADAC Rallye Deutschland,2017,6,248.0
Sébastien Ogier,ADAC Rallye Deutschland,2017,3,248.0
Thierry Neuville,ADAC Rallye Deutschland,2017,4,248.0
Ott Tänak,ADAC Rallye Deutschland,2017,1,248.0
Thierry Neuville,RallyRACC Catalunya - Costa Daurada,2017,DNF,249.0
Elfyn Evans,RallyRACC Catalunya - Costa Daurada,2017,7,249.0
Ott Tänak,RallyRACC Catalunya - Costa Daurada,2017,3,249.0
Sébastien Ogier,RallyRACC Catalunya - Costa Daurada,2017,2,249.0
Elfyn Evans,Dayinsure Wales Rally GB,2017,1,250.0
Sébastien Ogier,Dayinsure Wales Rally GB,2017,3,250.0
Ott Tänak,Dayinsure Wales Rally GB,2017,6,250.0
Thierry Neuville,Dayinsure Wales Rally GB,2017,2,250.0
Ott Tänak,Kennards Hire Rally Australia,2017,2,251.0
Thierry Neuville,Kennards Hire Rally Australia,2017,1,251.0
Elfyn Evans,Kennards Hire Rally Australia,2017,5,251.0
Sébastien Ogier,Kennards Hire Rally Australia,2017,4,251.0
Ott Tänak,Rallye Automobile Monte-Carlo,2018,2,252.0
Elfyn Evans,Rallye Automobile Monte-Carlo,2018,6,252.0
Sébastien Ogier,Rallye Automobile Monte-Carlo,2018,1,252.0
Thierry Neuville,Rallye Automobile Monte-Carlo,2018,5,252.0
Elfyn Evans,Rally Sweden,2018,1,253.0
Thierry Neuville,Rally Sweden,2018,1,253.0
Ott Tänak,Rally Sweden,2018,9,253.0
Sébastien Ogier,Rally Sweden,2018,1,253.0
Sébastien Loeb,Rally Guanajuato Mexico,2018,5,254.0
Thierry Neuville,Rally Guanajuato Mexico,2018,6,254.0
Sébastien Ogier,Rally Guanajuato Mexico,2018,1,254.0
Elfyn Evans,Rally Guanajuato Mexico,2018,DNF,254.0
Ott Tänak,Rally Guanajuato Mexico,2018,1,254.0
Thierry Neuville,CORSICA Linea Tour de Corse,2018,3,255.0
Sébastien Loeb,CORSICA Linea Tour de Corse,2018,1,255.0
Sébastien Ogier,CORSICA Linea Tour de Corse,2018,1,255.0
Elfyn Evans,CORSICA Linea Tour de Corse,2018,5,255.0
Ott Tänak,CORSICA Linea Tour de Corse,2018,2,255.0
Ott Tänak,YPF Rally Argentina,2018,1,256.0
Elfyn Evans,YPF Rally Argentina,2018,6,256.0
Thierry Neuville,YPF Rally Argentina,2018,2,256.0
Sébastien Ogier,YPF Rally Argentina,2018,4,256.0
Thierry Neuville,Vodafone Rally de Portugal,2018,1,257.0
Elfyn Evans,Vodafone Rally de Portugal,2018,2,257.0
Sébastien Ogier,Vodafone Rally de Portugal,2018,DNF,257.0
Ott Tänak,Vodafone Rally de Portugal,2018,DNF,257.0
Thierry Neuville,Rally Italia Sardegna,2018,1,258.0
Elfyn Evans,Rally Italia Sardegna,2018,1,258.0
Sébastien Ogier,Rally Italia Sardegna,2018,2,258.0
Ott Tänak,Rally Italia Sardegna,2018,9,258.0
Ott Tänak,Neste Rally Finland,2018,1,259.0
Sébastien Ogier,Neste Rally Finland,2018,5,259.0
Elfyn Evans,Neste Rally Finland,2018,7,259.0
Thierry Neuville,Neste Rally Finland,2018,9,259.0
Ott Tänak,ADAC Rallye Deutschland,2018,1,260.0
Sébastien Ogier,ADAC Rallye Deutschland,2018,4,260.0
Elfyn Evans,ADAC Rallye Deutschland,2018,2,260.0
Thierry Neuville,ADAC Rallye Deutschland,2018,2,260.0
Sébastien Ogier,Rally Turkey Marmaris,2018,1,261.0
Thierry Neuville,Rally Turkey Marmaris,2018,1,261.0
Elfyn Evans,Rally Turkey Marmaris,2018,1,261.0
Ott Tänak,Rally Turkey Marmaris,2018,1,261.0
Ott Tänak,Dayinsure Wales Rally GB,2018,1,262.0
Sébastien Ogier,Dayinsure Wales Rally GB,2018,1,262.0
Elfyn Evans,Dayinsure Wales Rally GB,2018,2,262.0
Thierry Neuville,Dayinsure Wales Rally GB,2018,5,262.0
Sébastien Loeb,RallyRACC Catalunya - Costa Daurada,2018,1,263.0
Ott Tänak,RallyRACC Catalunya - Costa Daurada,2018,6,263.0
Elfyn Evans,RallyRACC Catalunya - Costa Daurada,2018,3,263.0
Thierry Neuville,RallyRACC Catalunya - Costa Daurada,2018,4,263.0
Sébastien Ogier,RallyRACC Catalunya - Costa Daurada,2018,2,263.0
Thierry Neuville,Kennards Hire Rally Australia,2018,DNF,264.0
Ott Tänak,Kennards Hire Rally Australia,2018,DNF,264.0
Elfyn Evans,Kennards Hire Rally Australia,2018,6,264.0
Sébastien Ogier,Kennards Hire Rally Australia,2018,5,264.0
Sébastien Loeb,Rallye Automobile Monte-Carlo,2019,4,265.0
Sébastien Ogier,Rallye Automobile Monte-Carlo,2019,1,265.0
Thierry Neuville,Rallye Automobile Monte-Carlo,2019,2,265.0
Ott Tänak,Rallye Automobile Monte-Carlo,2019,3,265.0
Elfyn Evans,Rallye Automobile Monte-Carlo,2019,DNF,265.0
Sébastien Ogier,Rally Sweden,2019,2,266.0
Ott Tänak,Rally Sweden,2019,1,266.0
Elfyn Evans,Rally Sweden,2019,5,266.0
Thierry Neuville,Rally Sweden,2019,3,266.0
Sébastien Loeb,Rally Sweden,2019,7,266.0
Ott Tänak,Rally Guanajuato Mexico,2019,2,267.0
Elfyn Evans,Rally Guanajuato Mexico,2019,3,267.0
Sébastien Ogier,Rally Guanajuato Mexico,2019,1,267.0
Thierry Neuville,Rally Guanajuato Mexico,2019,4,267.0
Elfyn Evans,CORSICA Linea Tour de Corse,2019,3,268.0
Ott Tänak,CORSICA Linea Tour de Corse,2019,6,268.0
Sébastien Ogier,CORSICA Linea Tour de Corse,2019,2,268.0
Sébastien Loeb,CORSICA Linea Tour de Corse,2019,8,268.0
Thierry Neuville,CORSICA Linea Tour de Corse,2019,1,268.0
Sébastien Ogier,XION Rally Argentina,2019,3,269.0
Thierry Neuville,XION Rally Argentina,2019,1,269.0
Elfyn Evans,XION Rally Argentina,2019,DNF,269.0
Ott Tänak,XION Rally Argentina,2019,8,269.0
Ott Tänak,Copec Rally Chile,2019,1,270.0
Elfyn Evans,Copec Rally Chile,2019,4,270.0
Thierry Neuville,Copec Rally Chile,2019,DNF,270.0
Sébastien Ogier,Copec Rally Chile,2019,2,270.0
Sébastien Loeb,Copec Rally Chile,2019,3,270.0
Elfyn Evans,Vodafone Rally de Portugal,2019,5,271.0
Sébastien Ogier,Vodafone Rally de Portugal,2019,3,271.0
Sébastien Loeb,Vodafone Rally de Portugal,2019,DNF,271.0
Ott Tänak,Vodafone Rally de Portugal,2019,1,271.0
Thierry Neuville,Vodafone Rally de Portugal,2019,2,271.0
Elfyn Evans,Rally Italia Sardegna,2019,4,272.0
Sébastien Ogier,Rally Italia Sardegna,2019,4,272.0
Ott Tänak,Rally Italia Sardegna,2019,5,272.0
Thierry Neuville,Rally Italia Sardegna,2019,6,272.0
Thierry Neuville,Neste Rally Finland,2019,6,273.0
Sébastien Ogier,Neste Rally Finland,2019,5,273.0
Ott Tänak,Neste Rally Finland,2019,1,273.0
Thierry Neuville,ADAC Rallye Deutschland,2019,4,274.0
Sébastien Ogier,ADAC Rallye Deutschland,2019,7,274.0
Ott Tänak,ADAC Rallye Deutschland,2019,1,274.0
Ott Tänak,Rally Turkey Marmaris,2019,1,275.0
Thierry Neuville,Rally Turkey Marmaris,2019,8,275.0
Sébastien Ogier,Rally Turkey Marmaris,2019,1,275.0
Ott Tänak,Wales Rally GB,2019,1,276.0
Sébastien Ogier,Wales Rally GB,2019,3,276.0
Elfyn Evans,Wales Rally GB,2019,5,276.0
Thierry Neuville,Wales Rally GB,2019,2,276.0
Ott Tänak,RallyRACC Catalunya - Costa Daurada,2019,2,277.0
Elfyn Evans,RallyRACC Catalunya - Costa Daurada,2019,6,277.0
Thierry Neuville,RallyRACC Catalunya - Costa Daurada,2019,1,277.0
Sébastien Ogier,RallyRACC Catalunya - Costa Daurada,2019,8,277.0
Sébastien Loeb,RallyRACC Catalunya - Costa Daurada,2019,4,277.0
Elfyn Evans,Rallye Automobile Monte-Carlo,2020,3,278.0
Sébastien Ogier,Rallye Automobile Monte-Carlo,2020,2,278.0
Ott Tänak,Rallye Automobile Monte-Carlo,2020,DNF,278.0
Thierry Neuville,Rallye Automobile Monte-Carlo,2020,1,278.0
Sébastien Loeb,Rallye Automobile Monte-Carlo,2020,6,278.0
Elfyn Evans,Rally Sweden,2020,1,279.0
Sébastien Ogier,Rally Sweden,2020,4,279.0
Ott Tänak,Rally Sweden,2020,2,279.0
Thierry Neuville,Rally Sweden,2020,6,279.0
Elfyn Evans,Rally Guanajuato México,2020,4,280.0
Sébastien Ogier,Rally Guanajuato México,2020,1,280.0
Ott Tänak,Rally Guanajuato México,2020,2,280.0
Thierry Neuville,Rally Guanajuato México,2020,1,280.0
Sébastien Ogier,Rally Estonia,2020,3,281.0
Thierry Neuville,Rally Estonia,2020,DNF,281.0
Ott Tänak,Rally Estonia,2020,1,281.0
Elfyn Evans,Rally Estonia,2020,4,281.0
Thierry Neuville,Rally Turkey Marmaris,2020,2,282.0
Elfyn Evans,Rally Turkey Marmaris,2020,1,282.0
Sébastien Loeb,Rally Turkey Marmaris,2020,3,282.0
Ott Tänak,Rally Turkey Marmaris,2020,1,282.0
Sébastien Ogier,Rally Turkey Marmaris,2020,DNF,282.0
Sébastien Ogier,Rally Italia Sardegna,2020,3,283.0
Ott Tänak,Rally Italia Sardegna,2020,6,283.0
Thierry Neuville,Rally Italia Sardegna,2020,2,283.0
Elfyn Evans,Rally Italia Sardegna,2020,4,283.0
Thierry Neuville,ACI Rally Monza,2020,DNF,284.0
Sébastien Ogier,ACI Rally Monza,2020,1,284.0
Ott Tänak,ACI Rally Monza,2020,2,284.0
Elfyn Evans,ACI Rally Monza,2020,2,284.0
Sébastien Ogier,Rallye Automobile Monte-Carlo,2021,1,285.0
Ott Tänak,Rallye Automobile Monte-Carlo,2021,DNF,285.0
Thierry Neuville,Rallye Automobile Monte-Carlo,2021,3,285.0
Elfyn Evans,Rallye Automobile Monte-Carlo,2021,2,285.0
Elfyn Evans,Arctic Rally Finland Powered by CapitalBox,2021,5,286.0
Thierry Neuville,Arctic Rally Finland Powered by CapitalBox,2021,3,286.0
Sébastien Ogier,Arctic Rally Finland Powered by CapitalBox,2021,2,286.0
Ott Tänak,Arctic Rally Finland Powered by CapitalBox,2021,1,286.0
Elfyn Evans,Croatia Rally,2021,2,287.0
Thierry Neuville,Croatia Rally,2021,3,287.0
Sébastien Ogier,Croatia Rally,2021,1,287.0
Ott Tänak,Croatia Rally,2021,4,287.0
Ott Tänak,Vodafone Rally de Portugal,2021,2,288.0
Sébastien Ogier,Vodafone Rally de Portugal,2021,3,288.0
Elfyn Evans,Vodafone Rally de Portugal,2021,1,288.0
Thierry Neuville,Vodafone Rally de Portugal,2021,3,288.0
Ott Tänak,Rally Italia Sardegna,2021,2,289.0
Sébastien Ogier,Rally Italia Sardegna,2021,1,289.0
Elfyn Evans,Rally Italia Sardegna,2021,2,289.0
Thierry Neuville,Rally Italia Sardegna,2021,3,289.0
Sébastien Ogier,Safari Rally Kenya,2021,1,290.0
Ott Tänak,Safari Rally Kenya,2021,3,290.0
Thierry Neuville,Safari Rally Kenya,2021,DNF,290.0
Elfyn Evans,Safari Rally Kenya,2021,1,290.0
Sébastien Ogier,Rally Estonia,2021,4,291.0
Elfyn Evans,Rally Estonia,2021,5,291.0
Thierry Neuville,Rally Estonia,2021,3,291.0
Ott Tänak,Rally Estonia,2021,3,291.0
Elfyn Evans,Renties Ypres Rally Belgium,2021,4,292.0
Ott Tänak,Renties Ypres Rally Belgium,2021,6,292.0
Thierry Neuville,Renties Ypres Rally Belgium,2021,1,292.0
Sébastien Ogier,Renties Ypres Rally Belgium,2021,5,292.0
Thierry Neuville,EKO Acropolis Rally of Gods,2021,8,293.0
Ott Tänak,EKO Acropolis Rally of Gods,2021,2,293.0
Sébastien Ogier,EKO Acropolis Rally of Gods,2021,3,293.0
Elfyn Evans,EKO Acropolis Rally of Gods,2021,6,293.0
Elfyn Evans,Secto Rally Finland,2021,1,294.0
Sébastien Ogier,Secto Rally Finland,2021,5,294.0
Thierry Neuville,Secto Rally Finland,2021,DNF,294.0
Ott Tänak,Secto Rally Finland,2021,2,294.0
Sébastien Ogier,RallyRACC Catalunya - Costa Daurada,2021,4,295.0
Elfyn Evans,RallyRACC Catalunya - Costa Daurada,2021,2,295.0
Ott Tänak,RallyRACC Catalunya - Costa Daurada,2021,DNF,295.0
Thierry Neuville,RallyRACC Catalunya - Costa Daurada,2021,1,295.0
Thierry Neuville,FORUM8 ACI Rally Monza,2021,4,296.0
Elfyn Evans,FORUM8 ACI Rally Monza,2021,2,296.0
Sébastien Ogier,FORUM8 ACI Rally Monza,2021,1,296.0
Thierry Neuville,Rallye Automobile Monte-Carlo,2022,6,297.0
Elfyn Evans,Rallye Automobile Monte-Carlo,2022,2,297.0
Sébastien Ogier,Rallye Automobile Monte-Carlo,2022,2,297.0
Sébastien Loeb,Rallye Automobile Monte-Carlo,2022,1,297.0
Ott Tänak,Rallye Automobile Monte-Carlo,2022,DNF,297.0
Ott Tänak,Rally Sweden,2022,2,298.0
Thierry Neuville,Rally Sweden,2022,2,298.0
Elfyn Evans,Rally Sweden,2022,DNF,298.0
Elfyn Evans,Croatia Rally,2022,5,299.0
Thierry Neuville,Croatia Rally,2022,3,299.0
Ott Tänak,Croatia Rally,2022,2,299.0
Elfyn Evans,Vodafone Rally de Portugal,2022,2,300.0
Sébastien Ogier,Vodafone Rally de Portugal,2022,5,300.0
Thierry Neuville,Vodafone Rally de Portugal,2022,5,300.0
Ott Tänak,Vodafone Rally de Portugal,2022,6,300.0
Sébastien Loeb,Vodafone Rally de Portugal,2022,DNF,300.0
Ott Tänak,Rally Italia Sardegna,2022,1,301.0
Thierry Neuville,Rally Italia Sardegna,2022,4,301.0
Elfyn Evans,Rally Italia Sardegna,2022,4,301.0
Thierry Neuville,Safari Rally Kenya,2022,5,302.0
Sébastien Ogier,Safari Rally Kenya,2022,4,302.0
Ott Tänak,Safari Rally Kenya,2022,DNF,302.0
Elfyn Evans,Safari Rally Kenya,2022,2,302.0
Sébastien Loeb,Safari Rally Kenya,2022,8,302.0
Thierry Neuville,Rally Estonia,2022,4,303.0
Elfyn Evans,Rally Estonia,2022,2,303.0
Ott Tänak,Rally Estonia,2022,3,303.0
Elfyn Evans,Secto Rally Finland,2022,4,304.0
Ott Tänak,Secto Rally Finland,2022,1,304.0
Thierry Neuville,Secto Rally Finland,2022,5,304.0
Elfyn Evans,Ardeca Ypres Rally Belgium,2022,2,305.0
Thierry Neuville,Ardeca Ypres Rally Belgium,2022,2,305.0
Ott Tänak,Ardeca Ypres Rally Belgium,2022,1,305.0
Sébastien Loeb,EKO Acropolis Rally Greece,2022,DNF,306.0
Elfyn Evans,EKO Acropolis Rally Greece,2022,DNF,306.0
Thierry Neuville,EKO Acropolis Rally Greece,2022,1,306.0
Ott Tänak,EKO Acropolis Rally Greece,2022,2,306.0
Thierry Neuville,Repco Rally New Zealand,2022,4,307.0
Elfyn Evans,Repco Rally New Zealand,2022,DNF,307.0
Ott Tänak,Repco Rally New Zealand,2022,3,307.0
Sébastien Ogier,Repco Rally New Zealand,2022,2,307.0
Elfyn Evans,RallyRACC Catalunya - Costa Daurada,2022,6,308.0
Thierry Neuville,RallyRACC Catalunya - Costa Daurada,2022,2,308.0
Ott Tänak,RallyRACC Catalunya - Costa Daurada,2022,4,308.0
Sébastien Ogier,RallyRACC Catalunya - Costa Daurada,2022,1,308.0
Sébastien Ogier,FORUM8 Rally Japan,2022,4,309.0
Elfyn Evans,FORUM8 Rally Japan,2022,5,309.0
Thierry Neuville,FORUM8 Rally Japan,2022,1,309.0
Ott Tänak,FORUM8 Rally Japan,2022,2,309.0
Sébastien Ogier,Rallye Automobile Monte-Carlo,2023,1,310.0
Elfyn Evans,Rallye Automobile Monte-Carlo,2023,4,310.0
Ott Tänak,Rallye Automobile Monte-Carlo,2023,5,310.0
Thierry Neuville,Rallye Automobile Monte-Carlo,2023,3,310.0
Ott Tänak,Rally Sweden,2023,1,311.0
Thierry Neuville,Rally Sweden,2023,3,311.0
Elfyn Evans,Rally Sweden,2023,5,311.0
